Model,Camera,Rom,Descrip,Brand,Ram,Price,Size
Galaxy Grand Prime Plus , 8MP Camera , 8GB ,"Galaxy Grand Prime Plus - 5.0"" - 8GB - 1.5GB RAM - 8MP Camera - Gold",Samsung , 1.5GB RAM ," 14,499"," 5.0"" "
Galaxy J1 J120F , 5MP Camera , 8GB ,"Galaxy J1 J120F - 4.5"" - 8GB - 1GB RAM - 5MP Camera - Gold",Samsung , 1GB RAM ," 11,499"," 4.5"" "
Galaxy Note 5 ,, 32GB ROM ,Galaxy Note 5 - SM-N920 - 32GB ROM - Gold Platinum,Samsung ,," 44,999",
Galaxy Note 5 , 16MP , 32GB ,"Galaxy Note 5 - 5.7"" - 32GB - 4GB RAM - 16MP - Black - 4G LTE - With 5100 mAh Battery Pack",Samsung , 4GB RAM ," 57,299"," 5.7"" "
S7 Edge ,, 128GB ,"S7 Edge - 5.5"" - 4GB RAM - 128GB - 4G LTE - Black - With Gear VR",Samsung , 4GB RAM ," 72,899"," 5.5"" "
Galaxy Grand Prime Plus , 8MP , 8GB ,"Galaxy Grand Prime Plus - 5.0"" - 8GB - 1.5GB RAM - 8MP - Black",Samsung , 1.5GB RAM ," 14,299"," 5.0"" "
S8 , 12MP , 64GB ROM ,"S8 - 5.8"" - 4GB RAM - 64GB ROM - 12MP - Maple Gold",Samsung , 4GB RAM ," 78,099"," 5.8"" "
Galaxy A3 , 13MP , 16GB ,"Galaxy A3 - 4.7"" - 2GB RAM - 16GB - 13MP - Gold - With Neon Flip Cover",Samsung , 2GB RAM ," 30,899"," 4.7"" "
Galaxy T560 Tab E ,, 8GB ,"Galaxy T560 Tab E - 9.6"" - 1.5GB - 8GB - Pearl White - Wifi Only",Samsung , 1.5GB ," 18,399"," 9.6"" "
Galaxy J1 Mini Prime , 5MP , 8GB ,"Galaxy J1 Mini Prime - 4"" - 8GB - 1GB RAM - 5MP - Gold",Samsung , 1GB RAM ," 9,199"," 4"" "
Earphone For Galaxy S6 & S6 Edge ,,,Earphone For Galaxy S6 & S6 Edge - White,Samsung ,, 990,
J7 Prime , 13MP , 16GB  ,"J7 Prime - 5.5"" - 16GB  - 3GB RAM - 13MP - Gold",Samsung , 3GB RAM ," 27,399"," 5.5"" "
Galaxy A7 , 16MP , 32GB ,"Galaxy A7 - 5.7"" - 3GB - 32GB - 16MP - Gold - With Neon Flip Cover",Samsung , 3GB ," 46,299"," 5.7"" "
Fast Charger With USB Cable Travel Adapter for Samsung ,,,Fast Charger With USB Cable Travel Adapter for Samsung - White,Samsung ,," 1,040",
2Pin Fast Charger With Cable For Samsung ,,,2Pin Fast Charger With Cable For Samsung - White,Samsung ,, 978,
Galaxy J5 Prime , 13 MP , 16 GB ,"Galaxy J5 Prime - 1.4 GHz - 5.0"" - 2 GB - 16 GB - 13 MP - Black",Samsung , 2 GB ," 23,999"," 5.0"" "
Galaxy J5 ,, 16GB ROM ,"Galaxy J5 - J510F - 5.2"" - 16GB ROM - 2GB RAM - 1.2 GHz Qualcomm - Black",Samsung , 2GB RAM ," 20,999"," 5.2"" "
J7 Prime , 13MP , 16GB ROM ,"J7 Prime - 5.5"" - 16GB ROM - 3GB RAM - 13MP - Black - 4G LTE",Samsung , 3GB RAM ," 27,990"," 5.5"" "
J5 Prime , 13MP , 16GB ROM ,"J5 Prime - 5.0"" - 16GB ROM - 2GB RAM - 13MP - Gold - 4G LTE",Samsung , 2GB RAM ," 24,310"," 5.0"" "
S8 ,, 64GB ROM ,"S8 - 5.8"" - QHD+ Display - 4GB RAM - 64GB ROM - Midnight Black",Samsung , 4GB RAM ," 77,299"," 5.8"" "
S8 ,, 64GB ROM ,"S8 - 5.8"" - QHD+ Display - 4GB RAM - 64GB ROM - Orchid Grey",Samsung , 4GB RAM ," 77,299"," 5.8"" "
S8+ ,, 64GB ROM ,"S8+ - 6.2"" - QHD+ Display - 4GB RAM - 64GB ROM - Orchid Grey",Samsung , 4GB RAM ," 93,000"," 6.2"" "
S8 ,, 64GB ROM ,"S8 - 5.8"" - QHD+ Display - 4GB RAM - 64GB ROM - Maple Gold",Samsung , 4GB RAM ," 77,299"," 5.8"" "
S8+ ,, 64GB ROM ,"S8+ - 6.2"" - QHD+ Display - 4GB RAM - 64GB ROM - Midnight Black",Samsung , 4GB RAM ," 86,899"," 6.2"" "
S8+ ,, 64GB ROM ,"S8+ - 6.2"" - QHD+ Display - 4GB RAM - 64GB ROM - Maple Gold",Samsung , 4GB RAM ," 86,899"," 6.2"" "
Galaxy J5 Prime , 13 MP , 16 GB ,"Galaxy J5 Prime - 1.4 GHz - 5.0"" - 2 GB - 16 GB - 13 MP - Gold",Samsung , 2 GB ," 23,399"," 5.0"" "
Galaxy S4 Zoom ,, 8GB ,Galaxy S4 Zoom - SM-C1010 - 8GB - Black,Samsung ,," 49,999",
Virtual Reality Gear ,,,Virtual Reality Gear - Black & White,Samsung ,," 4,999",
Galaxy Tab E ,, 8GB ROM ,Galaxy Tab E - T560 - 9.6 Inch - 1.5GB RAM - 8GB ROM - Wifi - White,Samsung , 1.5GB RAM ," 18,390",
Galaxy J700H ,, 16GB ,Galaxy J700H - 16GB - Gold - 4G LTE,Samsung ,," 20,999",
Galaxy J700H ,, 16GB ,Galaxy J700H - 16GB - Black,Samsung ,," 20,999",
VIP Traders Official Gear Vr ,,,VIP Traders Official Gear Vr - Black,Samsung ,," 8,999",
Galaxy J1 Ace ,, 4GB ,Galaxy J1 Ace - J110H - 4GB - Black,Samsung ,," 10,999",
Galaxy S8 Clear View Standing Cover ,,,Galaxy S8 Clear View Standing Cover - Gold,Samsung ,," 5,000",
Galaxy J7 J710F ,, 16GB ,Galaxy J7 J710F - 16GB - Golden - 4G LTE,Samsung ,," 24,899",
Galaxy J5 , 13MP Camera , 16GB ROM ,Galaxy J5 - J510F - 16GB ROM - 2GB RAM - 13MP Camera - White - 4G LTE,Samsung , 2GB RAM ," 20,999",
Galaxy E5 E500H ,,16GB ,Galaxy E5 E500H -16GB - White,Samsung ,," 17,999",
J700F Galaxy J7 ,, 16 GB ,J700F Galaxy J7 - 16 GB - Golden,Samsung ,," 28,600",
Galaxy J710F ,, 16GB ,Galaxy J710F - 16GB - 4G LTE - Black,Samsung ,," 24,899",
Galaxy J5 Prime ,, 16 GB ,Galaxy J5 Prime - 16 GB - Gold,Samsung ,," 22,999",
Galaxy J5 , 13MP Camera , 16GB ROM ,Galaxy J5 - J510F - 16GB ROM - 2GB RAM - 13MP Camera - Android - Gold - 4G LTE,Samsung , 2GB RAM ," 20,999",
Galaxy J7 Prime ,, 16GB ,Galaxy J7 Prime - 16GB - Black,Samsung ,," 26,999",
Galaxy J7 Prime ,, 16GB ,Galaxy J7 Prime - 16GB - Golden,Samsung ,," 26,999",
Galaxy J1 Mini Prime ,, 8GB ,Galaxy J1 Mini Prime - 8GB - White,Samsung ,," 9,569",
Galaxy J2 , 5MP , 8GB ,"Galaxy J2 - 4.7"" - 8GB - 1GB RAM - 5MP - Gold",Samsung , 1GB RAM ," 13,999"," 4.7"" "
"Fast Charger With USB Cable Travel Adapter for S8, S8 Plus ",,,"Fast Charger With USB Cable Travel Adapter for S8, S8 Plus - White",Samsung ,," 1,009",
Galaxy J700H , 13MP , 16GB ,"Galaxy J700H - 5.5"" - 16GB - 1.5GB RAM - 13MP - White",Samsung , 1.5GB RAM ," 20,999"," 5.5"" "
Galaxy J2 , 5 MP , 8GB ,"Galaxy J2 - 4.7"" - 8GB - 1GB RAM - 5 MP - White",Samsung , 1GB RAM ," 16,500"," 4.7"" "
Galaxy S7 Edge , 12MP , 32GB ,"Galaxy S7 Edge - 5.5"" - 32GB - 4GB RAM - 12MP - Gold Platinum - 4G LTE",Samsung , 4GB RAM ," 65,000"," 5.5"" "
Galaxy J5 Prime , 13 MP , 16 GB ,"Galaxy J5 Prime - 5.0"" - 2 GB - 16 GB - 13 MP - Gold",Samsung , 2 GB ," 22,999"," 5.0"" "
Galaxy Grand Prime Plus , 8MP Camera , 8GB ,"Galaxy Grand Prime Plus - 5.0"" - 8GB - 1.5GB RAM - 8MP Camera - Black",Samsung , 1.5GB RAM ," 14,295"," 5.0"" "
T285 , 5MP , 8GB ,"T285 - 7"" - 8GB - 1.5GB RAM - 5MP - White - 3G",Samsung , 1.5GB RAM ," 18,500"," 7"" "
Galaxy J1 J120F , 5MP Camera , 8GB ,"Galaxy J1 J120F - 4.5"" - 8GB - 1GB RAM - 5MP Camera - White",Samsung , 1GB RAM ," 13,999"," 4.5"" "
Galaxy A5 , 16MP , 32GB ,"Galaxy A5 - 5.2"" - 3GB - 32GB - 16MP - Black",Samsung , 3GB ," 36,499"," 5.2"" "
Galaxy A5 , 16MP , 32GB ,"Galaxy A5 - 5.2"" - 3GB - 32GB - 16MP - Gold",Samsung , 3GB ," 36,499"," 5.2"" "
Galaxy A5 , 16MP , 32GB ,"Galaxy A5 - 5.2"" - 3GB - 32GB - 16MP - Blue",Samsung , 3GB ," 36,499"," 5.2"" "
Galaxy A7 , 16MP , 32GB ,"Galaxy A7 - 5.7"" - 3GB - 32GB - 16MP - Gold",Samsung , 3GB ," 45,999"," 5.7"" "
Galaxy A7 , 16MP , 32GB ,"Galaxy A7 - 5.7"" - 3GB - 32GB - 16MP - Blue",Samsung , 3GB ," 45,999"," 5.7"" "
Gold ,,,Gold - Battery Pack (5.2 A) - Eb-Pn920Ufeg,Samsung ,," 5,500",
Galaxy A7 , 16MP , 32GB ,"Galaxy A7 - 5.7"" - 3GB - 32GB - 16MP - Black",Samsung , 3GB ," 45,999"," 5.7"" "
Galaxy J2 , 5MP Camera , 8GB ,"Galaxy J2 - 4.7"" - 8GB - 1GB RAM - 5MP Camera - Black",Samsung , 1GB RAM ," 12,899"," 4.7"" "
Galaxy A3 , 13MP , 16GB ,"Galaxy A3 - 4.7"" - 2GB - 16GB - 13MP - Black",Samsung , 2GB ," 30,699"," 4.7"" "
Galaxy A3 , 13MP , 16GB ,"Galaxy A3 - 4.7"" - 2GB - 16GB - 13MP - Blue Mist",Samsung , 2GB ," 30,699"," 4.7"" "
Fast Wireless Charger ,,,Fast Wireless Charger - Black,Samsung ,," 4,599",
J5 Prime , 13MP , 16GB ROM ,"J5 Prime - 5.0"" - 16GB ROM - 2GB RAM - 13MP - Black",Samsung , 2GB RAM ," 23,399"," 5.0"" "
Galaxy Grand Prime Plus , 8MP Camera , 8GB ,"Galaxy Grand Prime Plus - 5.0"" - 8GB - 1.5GB RAM - 8MP Camera - Silver",Samsung , 1.5GB RAM ," 14,795"," 5.0"" "
J120F , 5MP Camera , 8GB ,"J120F - Galaxy J1 - 4.5"" - 8GB - 1GB RAM - 5MP Camera - Black",Samsung , 1GB RAM ," 13,250"," 4.5"" "
J320F ,, With Free Kingston 16 GB Micro SD Card ,J320F - Galaxy J3 - 8GB - With Free Kingston 16 GB Micro SD Card - White,Samsung , 8GB ," 23,000",
Galaxy J5 Prime ,, 16 GB ,Galaxy J5 Prime - 16 GB - Black,Samsung ,," 29,400",
Galaxy J1 Mini Prime ,, 8GB ,Galaxy J1 Mini Prime - 8GB - Gold,Samsung ,," 9,569",
Galaxy J1 Mini Prime ,, 8GB ,Galaxy J1 Mini Prime - 8GB - Black,Samsung ,," 9,569",
J710F ,, Gold With Free 16 GB Memory Card,J710F - Galaxy J7 - 16GB - Gold With Free 16 GB Memory Card,Samsung , 16GB ," 33,000",
J510F ,, With Free 16 GB Memory Card ,J510F - Galaxy J5 - 16GB - With Free 16 GB Memory Card - Gold,Samsung , 16GB ," 29,800",
J120F ,, With Free Kingston 16 GB Micro SD Card ,J120F - Galaxy J1 - 8GB - With Free Kingston 16 GB Micro SD Card - White,Samsung , 8GB ," 15,000",
J510F ,, With Free 16 GB Memory Card ,J510F - Galaxy J5 - 16GB - With Free 16 GB Memory Card - White,Samsung , 16GB ," 31,000",
J710F ,, Black With Free 16 GB Memory Card,J710F - Galaxy J7 - 16GB - Black With Free 16 GB Memory Card,Samsung , 16GB ," 33,000",
J710F ,, White with Free 16 GB Memory Card,J710F - Galaxy J7 - 16GB - White with Free 16 GB Memory Card,Samsung , 16GB ," 33,000",
Galaxy A3 , 13MP , 16GB ,"Galaxy A3 - 4.7"" - 2GB - 16GB - 13MP - Gold",Samsung , 2GB ," 30,699"," 4.7"" "
Handsfree Earphone,,,Handsfree Earphone,Samsung ,, 400,
Galaxy J7 Pro , 13MP , 64GB ,"Galaxy J7 Pro - 5.5"" - 3GB - 64GB - 13MP - LTE - Black",Samsung , 3GB ," 35,199"," 5.5"" "
Samsung J7 Prime , 13 MP , 16GB ,"Samsung J7 Prime - 4G - 3 GB RAM - 16GB - 5.5"" - 13 MP - Black",Samsung , 3 GB RAM ," 27,840"," 5.5"" "
Galaxy J5 Pro , 13MP , 16GB ,"Galaxy J5 Pro - 5.2"" - 2GB - 16GB - 13MP - LTE - Blue Silver",Samsung , 2GB ," 30,499"," 5.2"" "
Galaxy J5 Pro , 13MP , 16GB ,"Galaxy J5 Pro - 5.2"" - 2GB - 16GB - 13MP - LTE - Black",Samsung , 2GB ," 30,499"," 5.2"" "
TJ ,,,TJ - Wireless Charger For Galaxy Note 5 & S6 Edge Plus - Black,Samsung ,," 3,399",
Fast Charging Travel Adapter ,,,Fast Charging Travel Adapter - White,Samsung ,, 500,
Samsung 32GB Memory Card ,,Samsung 32GB Memory Card ,Samsung 32GB Memory Card - Orange,Samsung ,," 1,499",
Rapid Car Charger for Samsung ,,,Rapid Car Charger for Samsung - White,Samsung ,, 999,
Pack of 3 ,,,"Pack of 3 -  Charger, Handsfree & Data Cable - White",Samsung ,," 1,199",
Samsung Fast Charger Travel Adapter with USB Data Cable for Samsung & Extra Copper Cable,,,Samsung Fast Charger Travel Adapter with USB Data Cable for Samsung & Extra Copper Cable,Samsung ,, 799,
S8 Edge Plus Screen Protector ,,,S8 Edge Plus Screen Protector - Black,Samsung ,," 1,800",
Galaxy Note 4 Genuine Fast Charger with Cable ,,,Galaxy Note 4 Genuine Fast Charger with Cable - White,Samsung ,," 1,122",
Bluetooth Stereo Earphones ,,,Bluetooth Stereo Earphones - Level U - Gold,Samsung ,," 4,500",
J7 Prime , 13MP , 16GB  ,"J7 Prime - 5.5"" - 16GB  - 3GB RAM - 13MP - Gold",Samsung , 3GB RAM ," 27,999"," 5.5"" "
2Pin Fast Charger With Cable For Samsung ,,,2Pin Fast Charger With Cable For Samsung - Black,Samsung ,, 975,
Glass Screen Protector For S7 Edge ,,,Glass Screen Protector For S7 Edge - Gold,Samsung ,," 1,300",
Galaxy Note 3 Genuine Fast Charger With Cable ,,,Galaxy Note 3 Genuine Fast Charger With Cable - White,Samsung ,," 1,111",
Battery for Samsung Galaxy S3,,,Battery for Samsung Galaxy S3,Samsung ,," 1,195",
Fast Charger With Usb Cable For Galaxy C5/C7,,,Fast Charger With Usb Cable For Galaxy C5/C7- White,Samsung ,, 795,
Fast Charger With Usb Cable For Galaxy S6/S6 Edge/S6 Edge Plus ,,,Fast Charger With Usb Cable For Galaxy S6/S6 Edge/S6 Edge Plus - White,Samsung ,, 795,
Fast Charger With Usb Cable For Galaxy Note 5/Note 4 ,,,Fast Charger With Usb Cable For Galaxy Note 5/Note 4 - White,Samsung ,, 795,
Fast Charger With Usb Cable For Galaxy S8/S8 Plus ,,,Fast Charger With Usb Cable For Galaxy S8/S8 Plus - White,Samsung ,, 855,
Fast Charger With Usb Cable For Galaxy S7/S7 Edge ,,,Fast Charger With Usb Cable For Galaxy S7/S7 Edge - White,Samsung ,, 845,
Fast Charger With Usb Cable For Galaxy S6/S6 Edge/S6 Edge/Note 5/Note 4 ,,,Fast Charger With Usb Cable For Galaxy S6/S6 Edge/S6 Edge/Note 5/Note 4 - White,Samsung ,, 795,
Galaxy J7 Pro , 13MP , 64GB ,"Galaxy J7 Pro - 5.5"" - 3GB - 64GB - 13MP - LTE - Black",Samsung , 3GB ," 37,000"," 5.5"" "
Galaxy J5 Pro , 13MP , 16GB ,"Galaxy J5 Pro - 5.2"" - 2GB - 16GB - 13MP - LTE - Black",Samsung , 2GB ," 32,000"," 5.2"" "
Galaxy J7 Pro , 13MP , 64GB ,"Galaxy J7 Pro - 5.5"" - 3GB - 64GB - 13MP - LTE - Gold",Samsung , 3GB ," 37,000"," 5.5"" "
Galaxy J5 Pro , 13MP , 16GB ,"Galaxy J5 Pro - 5.2"" - 2GB - 16GB - 13MP - LTE - Gold",Samsung , 2GB ," 32,000"," 5.2"" "
Fast Car Charger ,,,Fast Car Charger - Type C Cable - White,Samsung ,, 999,
Samsung 64GB EVO microSD Card (SD Adapter) ,,Samsung 64GB EVO microSD Card (SD Adapter) ,Samsung 64GB EVO microSD Card (SD Adapter) - Orange,Samsung ,," 2,699",
Data Cable ,,,Data Cable - White,Samsung ,," 1,000",
Pack of 2 ,,,Pack of 2 - 3pin Fast Charger With USB Cable + Earphone For Note 4 - White,Samsung ,," 1,999",
Pack of 2 ,,,Pack of 2 - 3pin Fast Charger With USB Cable + Earphone For Note 5 - White,Samsung ,," 1,999",
Pack of 2 ,,,Pack of 2 - 3pin Fast Charger With USB Cable + Earphone For S7 & S7 Edge - White,Samsung ,," 1,999",
Pack of 2 ,,,Pack of 2 - 3pin Fast Charger With USB Cable + Earphone - White,Samsung ,," 1,999",
Pack of 2 ,,,Pack of 2 - 3pin Fast Charger With USB Cable + Earphone For S6 & S6 Edge - White,Samsung ,," 1,999",
Pack of 2 ,,,Pack of 2 - 2pin Fast Charger With USB Cable + Earphone - White,Samsung ,," 1,999",
Pack of 2 ,,,Pack of 2 - Fast Charger With USB Cable + Earphone - White,Samsung ,," 1,999",
2 Pin Fast Charger With Cable ,,,2 Pin Fast Charger With Cable - White,Samsung ,, 750,
Galaxy Note 5 ,, 32GB ,Galaxy Note 5 - SM-N920 - 32GB - Gold Platinum,Samsung ,," 44,499",
Galaxy Note 5 ,, 32GB ,Galaxy Note 5 - SM-N920 - 32GB - Black,Samsung ,," 44,499",
Samsung Mobile SM,,,Samsung Mobile SM-C1010 (S4Zoom),Samsung ,," 23,810",
Adapter Fast Charging ,,,Adapter Fast Charging - White,Samsung ,, 900,
Pack of 2 ,,,Pack of 2 - Fast Charging Dock & Data Cable - White,Samsung ,, 999,
Samsung Wireless charging Pad For Smart Phone ,,,Samsung Wireless charging Pad For Smart Phone - Black,Samsung ,," 1,499",
Y6 Earphones ,,,Y6 Earphones - White,Samsung ,, 299,
Galaxy J5 Pro , 13MP , 16GB ,"Galaxy J5 Pro - 5.2"" - 2GB - 16GB - 13MP - LTE - Gold",Samsung , 2GB ," 30,499"," 5.2"" "
Galaxy J5 Pro , 13MP Camera , 16GB ROM ,"Galaxy J5 Pro - 5.2"" - 2GB RAM - 16GB ROM - 13MP Camera - Gold",Samsung , 2GB RAM ," 31,999"," 5.2"" "
Galaxy J5 Pro , 13MP Camera , 16GB ROM ,"Galaxy J5 Pro - 5.2"" - 2GB RAM - 16GB ROM - 13MP Camera - Black",Samsung , 2GB RAM ," 31,999"," 5.2"" "
Ultra Slim Power Bank ,,,Ultra Slim Power Bank - 3100 mAh - Black,Samsung ,," 2,499",
ETA,,,ETA-P10X - Charger with Cable - Black,Samsung ,," 1,199",
TJ ,,,TJ - Wireless Charger For Galaxy Note 5 & S6 Edge Plus - White,Samsung ,," 3,399",
Fast Charger Travel Adapter with USB Data Cable ,,,Fast Charger Travel Adapter with USB Data Cable - White,Samsung ,, 699,
Battery for Core Prime G360 ,,,Battery for Core Prime G360 - 2000 mAh,Samsung ,, 550,
Charger for Smartphones ,,,Charger for Smartphones - White,Samsung ,, 899,
TPU Jelly Cover for S8 ,,,TPU Jelly Cover for S8 - Transparent,Samsung ,, 399,
S8 ,, 64GB ROM ,"S8 - 5.8"" - 4GB RAM - 64GB ROM - Maple Gold",Samsung , 4GB RAM ," 87,000"," 5.8"" "
Original OEM Headset Earphone for Galaxy S6 & S6 Edge ,,,Original OEM Headset Earphone for Galaxy S6 & S6 Edge - White,Samsung ,, 979,
Galaxy A5 2017 Charger With Type C Cable ,,,Galaxy A5 2017 Charger With Type C Cable - White,Samsung ,," 1,244",
Battery for Samsung Galaxy Note 3,,,Battery for Samsung Galaxy Note 3,Samsung ,," 1,250",
Genuine Battery for Samsung Galaxy S5,,,Genuine Battery for Samsung Galaxy S5,Samsung ,," 1,499",
Glass Screen Protector For S7 Edge ,,,Glass Screen Protector For S7 Edge - Black,Samsung ,," 1,300",
Glass Screen Protector For S7 Edge ,,,Glass Screen Protector For S7 Edge - Rose Gold,Samsung ,," 1,300",
Bluetooth Wireless Headset,,,Bluetooth Wireless Headset,Samsung ,," 1,499",
USB Connector Adapter,,,USB Connector Adapter,Samsung ,, 450,
Thin TPU Gell Cover For S8 Plus ,,,Thin TPU Gell Cover For S8 Plus - Clear,Samsung ,, 135,
Thin TPU Gell Cover For S8 ,,,Thin TPU Gell Cover For S8 - Clear,Samsung ,, 135,
Galaxy S5 Charger with USB 3.0 cable ,,,Galaxy S5 Charger with USB 3.0 cable - white,Samsung ,, 999,
SM,,,SM-N915 - Battery For Galaxy Note Edge - Black,Samsung ,," 1,200",
Samsung EP,,,Samsung EP-NG930 Wireless Charger,Samsung ,," 6,350",
Samsung EB,,,Samsung EB-PN920 Battery Pack 5200 mah,Samsung ,," 6,350",
Samsung EP,,,Samsung EP-LN915UBEGWW Car Adapter,Samsung ,," 2,760",
ETA,,,ETA-P10X - Galaxy Tab Genuine Charger With Genuine Cable - Black,Samsung ,," 2,400",
S8+ ,, 64GB ROM ,"S8+ - 6.2"" - 4GB RAM - 64GB ROM - Maple Gold",Samsung , 4GB RAM ," 94,999"," 6.2"" "
Fast Charger for Galaxy Note 5 & S6 Edge Plus ,,,Fast Charger for Galaxy Note 5 & S6 Edge Plus - White,Samsung ,, 899,
Galaxy A5 , 16MP , 32GB ,"Galaxy A5 - A520F 5.2"" - 3GB - 32GB - 16MP - Blue",Samsung , 3GB ," 40,000"," A520F 5.2"" "
Galaxy A5 , 16MP , 32GB ,"Galaxy A5 - A520F 5.2"" - 3GB - 32GB - 16MP - Gold",Samsung , 3GB ," 40,000"," A520F 5.2"" "
Super Mini Stereo Bluetooth Headset ,,,Super Mini Stereo Bluetooth Headset - Black,Samsung ,," 1,222",
Samsung J7 Prime Mobile Cover + Mobile Ring,,,Samsung J7 Prime Mobile Cover + Mobile Ring,Samsung ,, 650,
Adaptive Fast Charger For S7 Edge ,,,Adaptive Fast Charger For S7 Edge - White,Samsung ,," 1,330",
Charger for Samsung Galaxy S8 & S8 Plus with Type C cable ,,,Charger for Samsung Galaxy S8 & S8 Plus with Type C cable - Black,Samsung ,," 1,444",
Galaxy Grand Prime Plus ,, 8GB ,Galaxy Grand Prime Plus - 8GB - 1.5GB RAM - Black,Samsung , 1.5GB RAM ," 14,499",
Galaxy Grand Prime Plus , 8MP Camera , 8GB ,"Galaxy Grand Prime Plus - 5.0"" - 8GB - 1.5GB RAM - 8MP Camera - Pink Gold",Samsung , 1.5GB RAM ," 14,795"," 5.0"" "
Galaxy T560 Tab E ,, 8GB ,"Galaxy T560 Tab E - 9.6"" - 1.5GB - 8GB - Black - WiFi  ",Samsung , 1.5GB ," 17,899"," 9.6"" "
Micro SD Card ,, 8GB Evo,Micro SD Card - 8GB Evo,Samsung ,, 779,
Rubber Case for J 1 ,,,Rubber Case for J 1 - Black,Samsung ,, 199,
Alcantara Back Cover for Galaxy S8+ ,,,Alcantara Back Cover for Galaxy S8+ - Blue,Samsung ,," 3,599",
Galaxy J710F ,, 16GB ,"Galaxy J710F - 5.5"" - 16GB - 4G LTE - Black",Samsung ,," 26,999"," 5.5"" "
Galaxy J710F ,, 16GB ,Galaxy J710F - 16GB - Golden - 4G LTE,Samsung ,," 26,999",
Samsung J5 Prime Mobile Cover + Mobile Ring,,,Samsung J5 Prime Mobile Cover + Mobile Ring,Samsung ,, 650,
S8+ ,, 64GB ROM ,"S8+ - 6.2"" - QHD+ Display - 4GB RAM - 64GB ROM - Grey",Samsung , 4GB RAM ," 86,899"," 6.2"" "
i1000 ,,,i1000 - Bluetooth headset - Black,Samsung ,," 1,199",
USB Data Cable for Samsung Galaxy Tab 2 ,,,USB Data Cable for Samsung Galaxy Tab 2 - Black,Samsung ,, 399,
Pack of 3 ,,,"Pack of 3 - Earphones, Data Cable & Charger - White",Samsung ,," 1,584",
HM1900 ,,,HM1900 - Bluetooth headset - white,Samsung ,," 1,199",
Genuine Professional In,,,Genuine Professional In-ear Earpiece Headphone Black,Samsung ,, 800,
HM1200 ,,,HM1200 - Bluetooth Headset - Black,Samsung ,," 1,999",
SM,,,SM-B310E - Dual Sim - White,Samsung ,," 3,100",
Galaxy T280 , 5MP ,,"Galaxy T280 - Tab A 7"" - 5MP - White",Samsung ,," 14,999"," Tab A 7"" "
Earphones For S6 & S6 Edge ,,,Earphones For S6 & S6 Edge - White,Samsung ,, 641,
Galaxy A7 , 16MP , 32GB ,"Galaxy A7 - A720 5.7"" - 3GB - 32GB - 16MP - Peach",Samsung , 3GB ," 50,000"," A720 5.7"" "
Alcantara Back Cover for Galaxy S8+ ,,,Alcantara Back Cover for Galaxy S8+ - Dark Grey,Samsung ,," 3,599",
Genuine Professional In,,,Genuine Professional In-ear Earpiece Headphone White,Samsung ,, 800,
Samsung Galaxy S7 Edge Leather Flip Mobile Cover,,,Samsung Galaxy S7 Edge Leather Flip Mobile Cover,Samsung ,, 890,
Galaxy S7 Edge , 12MP Camera , 128GB ,"Galaxy S7 Edge - 5.5"" - 128GB - 4GB RAM - 12MP Camera - 4G LTE - Black",Samsung , 4GB RAM ," 65,999"," 5.5"" "
Genuine Earphones,,,Genuine Earphones,Samsung ,, 900,
SM,,,SM-B310E - Dual Sim - Blue,Samsung ,," 3,100",
TPU Jelly Case for Galaxy S6 Edge ,,,TPU Jelly Case for Galaxy S6 Edge - Transparent ,Samsung ,, 95,
Galaxy A3 , 13MP , 16GB ,"Galaxy A3 - A320F - 4.7"" - 2GB - 16GB - 13MP - Blue",Samsung , 2GB ," 37,000"," 4.7"" "
Galaxy A3 , 13MP , 16GB ,"Galaxy A3 - A320F - 4.7"" - 2GB - 16GB - 13MP - Gold",Samsung , 2GB ," 37,000"," 4.7"" "
Galaxy A3 , 13MP , 16GB ,"Galaxy A3 - A320F - 4.7"" - 2GB - 16GB - 13MP - Black",Samsung , 2GB ," 37,000"," 4.7"" "
Clear View Standing Cover for Galaxy S8 ,,,Clear View Standing Cover for Galaxy S8 - Gold,Samsung ,," 4,499",
Charger for C5 & C7 ,,,Charger for C5 & C7 - White,Samsung ,, 999,
Protector for Samsung Galaxy S5 ,,,Protector for Samsung Galaxy S5 - Orange,Samsung ,, 699,
Galaxy Note 3 Battery,,,Galaxy Note 3 Battery,Samsung ,, 999,
Super Mini Stereo Bluetooth Headset ,,,Super Mini Stereo Bluetooth Headset - White,Samsung ,," 1,370",
Galaxy S5 Proetctor ,,,Galaxy S5 Proetctor - Green Stripped ,Samsung ,, 699,
Galaxy S5 Protector ,,,Galaxy S5 Protector - Green ,Samsung ,, 699,
Samsung Galaxy S8 Leather Flip Mobile Cover,,,Samsung Galaxy S8 Leather Flip Mobile Cover,Samsung ,," 1,675",
TPU Jelly Case for Samsung Galaxy J5 ,,,TPU Jelly Case for Samsung Galaxy J5 - Transparent ,Samsung ,, 75,
Samsung Note3 Metal Fancy Mobile Cover ,,,Samsung Note3 Metal Fancy Mobile Cover - Silver,Samsung ,, 775,
Super Mini Stereo Bluetooth Headset ,,,Super Mini Stereo Bluetooth Headset - Black,Samsung ,," 1,244",
"Galaxy Tab A 7.0"" ",, 8GB ,"Galaxy Tab A 7.0"" - 1.5Gb - 8GB - Wi-Fi - White",Samsung ,," 14,999","Galaxy Tab A 7.0"" "
Clear View Standing Cover for Galaxy S8+ ,,,Clear View Standing Cover for Galaxy S8+ - Gold,Samsung ,," 4,499",
Fast Charging Power Bank 5200mAh Battery Pack ,,,Fast Charging Power Bank 5200mAh Battery Pack - Silver,Samsung ,," 3,299",
Genuine Battery for Samsung Note 4,,,Genuine Battery for Samsung Note 4,Samsung ,," 1,170",
Galaxy Tab A ,, 8GB ,"Galaxy Tab A - 7.0"" - 1.5GB - 8GB - Wi-Fi - Black",Samsung , 1.5GB ," 14,999"," 7.0"" "
Samsung 32gb High Speed Micro SD card with Card Reader,,,Samsung 32gb High Speed Micro SD card with Card Reader,Samsung ,," 1,999",
Galaxy Tab E ,, 8GB ROM ,Galaxy Tab E - T560 - 9.6 Inch - 1.5GB RAM - 8GB ROM - Wifi - Black,Samsung , 1.5GB RAM ," 17,890",
Samsung Class 10 EVO Micro SD Card ,, 64GB ,Samsung Class 10 EVO Micro SD Card - 64GB - Orange,Samsung ,," 2,850",
"Earphones For S6, S6edge, S7, S7edge ",,,"Earphones For S6, S6edge, S7, S7edge - White",Samsung ,, 644,
Charger with Cable For Galaxy Note 4 ,,,Charger with Cable For Galaxy Note 4 - White,Samsung ,, 888,
Tempered Glass Protector For Galaxy S7 ,,,Tempered Glass Protector For Galaxy S7 - Transparent,Samsung ,, 78,
DeX Station Samsung ,,,DeX Station Samsung - Black,Samsung ,," 18,500",
Fast Charger With Cable For S7/S7 Edge ,,,Fast Charger With Cable For S7/S7 Edge - White,Samsung ,," 1,030",
Samsung J5 Prime Mobile Cover + Bumper + Mobile Ring,,,Samsung J5 Prime Mobile Cover + Bumper + Mobile Ring,Samsung ,, 999,
Silicon Jelly Case for Samsung Galaxy J3 2016 ,,,Silicon Jelly Case for Samsung Galaxy J3 2016 - Transparent,Samsung ,, 90,
Samsung Official Fast Car Charger For Galaxy S7 ,,,Samsung Official Fast Car Charger For Galaxy S7 - Black,Samsung ,, 500,
Samsung Galaxy S8 Plus Leather Flip Mobile Cover,,,Samsung Galaxy S8 Plus Leather Flip Mobile Cover,Samsung ,," 1,875",
EB,,,EB-L1G6LLU - Galaxy S3 i9300 Genuine Battery - Black,Samsung ,, 899,
Pack of 3 ,,,"Pack of 3 - USB Data Cable, Charger and Earphone - White",Samsung ,, 795,
T285 ,, 8GB ROM ,"T285 - 7"" - 8GB ROM -1.5GB RAM - White",Samsung ,1.5GB RAM ," 17,799"," 7"" "
Bass Handsfree for Note 4 5 7 S6 edge S5,,,Bass Handsfree for Note 4 5 7 S6 edge S5-S7 edge S8 S8 plus White,Samsung ,, 430,
USB 2.0 Fast,,,USB 2.0 Fast-Charging Cable - 1m - White,Samsung ,, 199,
Handsfree for Galaxy Note 5 ,,,Handsfree for Galaxy Note 5 - White,Samsung ,, 499,
"Fast Charger With type C Cable Travel Adapter for S8, S8 Plus ",,,"Fast Charger With type C Cable Travel Adapter for S8, S8 Plus - White",Samsung ,," 1,077",
EB,,,EB-BG531BBE - Battery for Samsung G531 Grand Prime 4G & Galaxy J5 SM-J500F - 2600 mAh,Samsung ,, 675,
Grand Prime Plus ,, 8GB ,Grand Prime Plus - Dual Sim - 8GB - LTE - Gold - 4G LTE,Samsung ,," 14,798",
Official Battery for Galaxy Note 4 ,,,Official Battery for Galaxy Note 4 - Black,Samsung ,," 2,499",
Alcantara Back Cover for Galaxy S8 ,,,Alcantara Back Cover for Galaxy S8 - Blue,Samsung ,," 3,599",
Clear View Standing Cover for Galaxy S8+ ,,,Clear View Standing Cover for Galaxy S8+ - Silver,Samsung ,," 4,499",
Clear View Standing Cover for Galaxy S8+ ,,,Clear View Standing Cover for Galaxy S8+ - Blue,Samsung ,," 4,499",
Clear View Standing Cover for Galaxy S8+ ,,,Clear View Standing Cover for Galaxy S8+ - Voilet,Samsung ,," 4,499",
Clear View Standing Cover for Galaxy S8 ,,,Clear View Standing Cover for Galaxy S8 - Silver,Samsung ,," 4,499",
Clear View Standing Cover for Galaxy S8 ,,,Clear View Standing Cover for Galaxy S8 - Blue,Samsung ,," 4,499",
Clear View Standing Cover for Galaxy S8 ,,,Clear View Standing Cover for Galaxy S8 - Black,Samsung ,," 4,499",
TPU Jelly Case for Samsung Galaxy S7 ,,,TPU Jelly Case for Samsung Galaxy S7 - Transparent,Samsung ,, 68,
Galaxy S3 Genuine Charger With Data Cable ,,,Galaxy S3 Genuine Charger With Data Cable - White,Samsung ,, 549,
Stylus Touch S Pen ,,,Stylus Touch S Pen - For Galaxy Note 5 - Black,Samsung ,," 1,111",
Bluetooth Stereo HeadSet Level U ,,,Bluetooth Stereo HeadSet Level U - Blue,Samsung ,," 4,450",
Gear VR ,,,Gear VR - Virtual Reality Headset - Silver/Black,Samsung ,," 3,849",
Samsung S7 Edge Mobile Cover ,,,Samsung S7 Edge Mobile Cover - Gold,Samsung ,, 890,
Earphones for Galaxy S6 & S6 Edge ,,,Earphones for Galaxy S6 & S6 Edge - White,Samsung ,, 423,
Galaxy S5 Genuine Battery ,,,Galaxy S5 Genuine Battery -  Made By Samsung,Samsung ,," 1,299",
SM,, 8GB ,SM-G531H - Grand Prime - 8GB - Gold,Samsung ,," 13,330",
Galaxy Note 3 Genuine Charger ,,,Galaxy Note 3 Genuine Charger - With Cable - White   ,Samsung ,, 800,
TPU Jelly Case for Samsung Galaxy S6,,,TPU Jelly Case for Samsung Galaxy S6,Samsung ,, 75,
Original Fast Wireless Charger For S7 Edge ,,,Original Fast Wireless Charger For S7 Edge - Black,Samsung ,," 3,899",
Original Stylus ,,,Original Stylus - For Galaxy Note 4 & Edge - Black,Samsung ,, 419,
Galaxy Note 3m Brushed Metal Skin ,,,Galaxy Note 3m Brushed Metal Skin - Black ,Samsung ,, 899,
Samsung Galaxy S8 Plus Leather Flip Mobile Cover,,,Samsung Galaxy S8 Plus Leather Flip Mobile Cover,Samsung ,," 1,875",
Fast Charger ,,,Fast Charger - White,Samsung ,, 650,
Tempered Glass for Galaxy A5 2017 ,,,Tempered Glass for Galaxy A5 2017 - Neutrals,Samsung ,, 480,
J5 Prime , 13MP , 16GB ,"J5 Prime - 4G - 2GB RAM - 16GB - 5.0"" - 13MP - Black",Samsung , 2GB RAM ," 24,800"," 5.0"" "
Original Battery For Grand Prime,,,Original Battery For Grand Prime,Samsung ,, 710,
Silver ,,,Silver - Battery Pack Type - C 10.2 A,Samsung ,," 7,800",
Data Cable For Galaxy S3 & S4 ,,,Data Cable For Galaxy S3 & S4 - White,Samsung ,, 150,
2 Pin Fast Charger With Cable For Samsung ,,,2 Pin Fast Charger With Cable For Samsung - White,Samsung ,, 997,
Jelly Case for Samsung Galaxy S6 ,,,Jelly Case for Samsung Galaxy S6 - Transparent,Samsung ,, 86,
Jelly Case for Samsung Galaxy J7 Prime ,,,Jelly Case for Samsung Galaxy J7 Prime - Transparent,Samsung ,, 145,
Original Samsung Galaxy Alpha G850 Battery ,,,Original Samsung Galaxy Alpha G850 Battery - Black,Samsung ,," 1,299",
Stylus Touch S Pen for Galaxy Note 5 ,,,Stylus Touch S Pen for Galaxy Note 5 - Gold,Samsung ,," 1,111",
Grand Prime Plus ,, 8GB ,Grand Prime Plus - 1.5GB - 8GB - Black,Samsung , 1.5GB ," 15,500",
EB,,,EB-BG355BBE - Battery For Galaxy Core 2 - Black,Samsung ,, 799,
Galaxy S4 Genuine Battery ,,,Galaxy S4 Genuine Battery - Made By Samsung,Samsung ,," 1,200",
IG935 ,,,IG935 - In-Ear Stereo Earphones - Black,Samsung ,, 744,
Back Case For Samsung S6 Edge ,,,Back Case For Samsung S6 Edge - Transparent,Samsung ,, 123,
Glass Protector For Galaxy S7 Edge,,,Glass Protector For Galaxy S7 Edge,Samsung ,," 1,339",
Galaxy A3 2017 ,, 16GB ,Galaxy A3 2017 - 16GB - Black Sky,Samsung ,," 30,999",
Tempered Glass Protector For Galaxy Note 5 ,,,Tempered Glass Protector For Galaxy Note 5 - Transparent,Samsung ,, 52,
Orig,,,Orig- Fast 3pin Charger for Samsung C5/C7/S7/S7 Edge/S6/S6 Edge/Note 5/Note 7/S8/S8plus,Samsung ,, 550,
Glass Screen Protector for Galaxy J5 Prime ,,,Glass Screen Protector for Galaxy J5 Prime - Transparent,Samsung ,, 70,
Fast Car Charger with USB Cable For S7/S7 Edge/S6/S6 Edge/Note 5/Note 7,,,Fast Car Charger with USB Cable For S7/S7 Edge/S6/S6 Edge/Note 5/Note 7- White,Samsung ,," 1,485",
Stylus Touch Pen For Galaxy Note 4 ,,,Stylus Touch Pen For Galaxy Note 4 -  Black,Samsung ,, 425,
Adaptive Fast Charger For Samsung ,,,Adaptive Fast Charger For Samsung - White,Samsung ,, 440,
Original Fast Wireless charger for S7 Edge ,,,Original Fast Wireless charger for S7 Edge - White,Samsung ,," 3,899",
Charger with Data Cable for Galaxy S Duos,,,Charger with Data Cable for Galaxy S Duos,Samsung ,, 430,
Galaxy S6 Edge Genuine Cable ,,,Galaxy S6 Edge Genuine Cable - Made By Samsung,Samsung ,, 390,
Glass Screen Protector For S7 Edge ,,,Glass Screen Protector For S7 Edge - Blue,Samsung ,," 1,300",
Earphones ,,,Earphones - White,Samsung ,, 210,
Tempered Glass Protector For Galaxy J5 2016 ,,,Tempered Glass Protector For Galaxy J5 2016 - Transparent,Samsung ,, 72,
EHS61ASFWE ,,,EHS61ASFWE - Handsfree Earphones for Galaxy S4 i9500/S2/S3 - White,Samsung ,, 299,
Tempered Glass Protector For Galaxy J7 Prime ,,,Tempered Glass Protector For Galaxy J7 Prime - Transparent,Samsung ,, 399,
Fast Charger With Original Cable For C5/C7 ,,,Fast Charger With Original Cable For C5/C7 - White,Samsung ,, 490,
Samsung Best Fast Car Charger with Cable ,,,Samsung Best Fast Car Charger with Cable - White,Samsung ,, 475,
Galaxy Note 3 Battery ,,,Galaxy Note 3 Battery - Black,Samsung ,, 850,
Battery for Samsung Galaxy Alpha G850 ,,,Battery for Samsung Galaxy Alpha G850 - Black,Samsung ,, 990,
EBF1A2GBU ,,EBF1A2GBU ,EBF1A2GBU - Battery For Galaxy S2 - Black,Samsung ,, 750,
Mobile Cover For Samsung S4 ,,,Mobile Cover For Samsung S4 - Pink,Samsung ,, 750,
Earphone for Galaxy J5 & J7 ,,,Earphone for Galaxy J5 & J7 - White,Samsung ,, 499,
Tempered Glass Screen Protector for Samsung Galaxy S7,,,Tempered Glass Screen Protector for Samsung Galaxy S7,Samsung ,, 95,
Galaxy S5 Original Back Cover ,,,Galaxy S5 Original Back Cover - Blue,Samsung ,, 300,
Body Replacement Back For Samsung Galaxy J7 ,,,Body Replacement Back For Samsung Galaxy J7 - White,Samsung ,, 295,
Galaxy S4 Genuine Charger ,,,Galaxy S4 Genuine Charger - With Cable - White,Samsung ,, 750,
Front & Back Full Cover 360 Zack Sheet for A7 2017 ,,,Front & Back Full Cover 360 Zack Sheet for A7 2017 - Transparent,Samsung ,, 700,
Tempered Glass Screen Protector for Samsung Galaxy Core Prime,,,Tempered Glass Screen Protector for Samsung Galaxy Core Prime,Samsung ,, 75,
Handsfree For S7 Edge ,,,Handsfree For S7 Edge - White,Samsung ,," 2,000",
TPU Jelly Case for Samsung Galaxy A510 ,,,TPU Jelly Case for Samsung Galaxy A510 - Transparent,Samsung ,, 68,
TPU Jelly Case for Samsung Galaxy S5 ,,,TPU Jelly Case for Samsung Galaxy S5 - Transparent,Samsung ,, 78,
Original Hands Free For S6 ,,,Original Hands Free For S6 - White,Samsung ,," 1,495",
Mobiles Shop Samsung Galaxy S6 Edge Leather Flip Mobile Cover,,,Mobiles Shop Samsung Galaxy S6 Edge Leather Flip Mobile Cover,Samsung ,," 1,075",
U6 ,,,U6 - Micro USB Data Cable - Black,Samsung ,, 199,
Tempered Glass Protector For Galaxy J7 2016 ,,,Tempered Glass Protector For Galaxy J7 2016 - Transparent,Samsung ,, 85,
Grand Prime Plus ,, 8GB ,Grand Prime Plus - Dual Sim - 8GB - LTE - Silver - 4G LTE,Samsung ,," 14,998",
Adaptive Fast Charger With Original Cable For Note 5 ,,,Adaptive Fast Charger With Original Cable For Note 5 - White,Samsung ,, 675,
Stylus Touch S Pen For Galaxy Note 3 ,,,Stylus Touch S Pen For Galaxy Note 3 - Black,Samsung ,, 395,
Fast Charger for Galaxy Note 5 & S6 Edge Plus ,,,Fast Charger for Galaxy Note 5 & S6 Edge Plus - White,Samsung ,, 444,
Galaxy Note 5 ,,,Galaxy Note 5 - Original OEM Headset Earphone - White,Samsung ,, 580,
Samsung ,,,Samsung - Fast Charger For Galaxy- white E02020-PK1-C01,Samsung ,, 999,
Genuine Earphones,,,Genuine Earphones,Samsung ,, 800,
Stylus Touch Pen for Galaxy Note 4 & Note Edge ,,,Stylus Touch Pen for Galaxy Note 4 & Note Edge - White,Samsung ,, 399,
Battery For Samsung Galaxy S4,,,Battery For Samsung Galaxy S4,Samsung ,, 800,
Tempered Glass Protector for Galaxy C7,,,Tempered Glass Protector for Galaxy C7,Samsung ,, 399,
Original Fast Charger for Galaxy S7 & S7 Edge ,,,Original Fast Charger for Galaxy S7 & S7 Edge - White,Samsung ,, 788,
ETA,,,ETA-P10X - Galaxy Tab Genuine Charger With Genuine Cable - Black,Samsung ,, 888,
Premium 2.5D Tempered Glass Protector for Samsung Galaxy A5,,,Premium 2.5D Tempered Glass Protector for Samsung Galaxy A5,Samsung ,, 120,
Back Cover For Samsung Galaxy Note 3 ,,,Back Cover For Samsung Galaxy Note 3 - Transparent,Samsung ,, 90,
Original Battery for Samsung Galaxy S3,,,Original Battery for Samsung Galaxy S3,Samsung ,," 1,195",
Samsung Note 4 Leather Flip Mobile Cover,,,Samsung Note 4 Leather Flip Mobile Cover,Samsung ,," 1,250",
Premium 2.5D Tempered Glass Protector for Samsung Galaxy A7 2016,,,Premium 2.5D Tempered Glass Protector for Samsung Galaxy A7 2016,Samsung ,, 110,
Gear VR ,,,Gear VR - Black,Samsung ,," 5,500",
Stylus Touch Pen For Galaxy Note 4 ,,,Stylus Touch Pen For Galaxy Note 4 - White,Samsung ,, 420,
Samsung ,, 16GB ,Samsung - 16GB - Memory Card - Orange,Samsung ,, 919,
Genuine Galaxy Note Edge Battery ,,,Genuine Galaxy Note Edge Battery -  Black,Samsung ,," 2,240",
Bluetooth Stereo HeadSet Level U ,,,Bluetooth Stereo HeadSet Level U - Blue,Samsung ,," 4,999",
Fast Car Charger For Galaxy S7 ,,,Fast Car Charger For Galaxy S7 - White,Samsung ,, 649,
Samsung Galaxy S6 & S6 Edge Handsfree Earphone ,,,Samsung Galaxy S6 & S6 Edge Handsfree Earphone - White,Samsung ,, 549,
Galaxy A Series Charger With Data Cable ,,,Galaxy A Series Charger With Data Cable - White,Samsung ,, 550,
Stylus Touch S Pen For Galaxy Note 2 ,,,Stylus Touch S Pen For Galaxy Note 2 - Black,Samsung ,, 375,
Original S7 Edge Handsfree Ear shaped  ,,,Original S7 Edge Handsfree Ear shaped  - White,Samsung ,," 1,499",
Genuine Battery for Samsung Note 2,,,Genuine Battery for Samsung Note 2,Samsung ,," 1,300",
Galaxy Win / Galaxy Beam Genuine Battery ,,,Galaxy Win / Galaxy Beam Genuine Battery - Made By Samsung,Samsung ,," 1,350",
Front & Back Full Cover 360 Zack Sheet for J7 Prime ,,,Front & Back Full Cover 360 Zack Sheet for J7 Prime - Transparent,Samsung ,, 700,
Fast Charger With USB Cable Travel Adapter S7/S7 Edge/S6/S6 Edge/Note 5/Note 7 Samsung,,,Fast Charger With USB Cable Travel Adapter S7/S7 Edge/S6/S6 Edge/Note 5/Note 7 Samsung- White,Samsung ,," 1,444",
Original Handsfree for S4 ,,,Original Handsfree for S4 - White,Samsung ,, 595,
Galaxy Note 4 Stylus ,,,Galaxy Note 4 Stylus - White,Samsung ,, 449,
5200mAh Power Bank Ultra Slim ,,,5200mAh Power Bank Ultra Slim - Gold,Samsung ,," 3,190",
Tempered Glass Protector for Galaxy C5,,,Tempered Glass Protector for Galaxy C5,Samsung ,, 500,
Galaxy A5 Charger With Data Cable ,,,Galaxy A5 Charger With Data Cable - White,Samsung ,, 510,
Micro SD Card ,, 64GB ,Micro SD Card - 64GB - Orange,Samsung ,," 2,499",
Fast Charger With USB Cable Travel Adapter for S6 Edge Plus ,,,Fast Charger With USB Cable Travel Adapter for S6 Edge Plus - White,Samsung ,," 1,099",
Fast Car Charger For Galaxy Note 4 & Note Edge ,,,Fast Car Charger For Galaxy Note 4 & Note Edge - White,Samsung ,, 525,
Fast Charger With Original Cable For Note Edge ,,,Fast Charger With Original Cable For Note Edge - White,Samsung ,, 799,
Body Replacement Back For Samsung Galaxy J5 ,,,Body Replacement Back For Samsung Galaxy J5 - Golden,Samsung ,, 285,
Official Gear VR ,,,Official Gear VR - Black and White,Samsung ,," 6,999",
Galaxy Note 3 Genuine Battery,,,Galaxy Note 3 Genuine Battery,Samsung ,," 2,200",
Fast Charger With Cable For C5/C7 ,,,Fast Charger With Cable For C5/C7 - White,Samsung ,, 988,
USB 3.0 Cable For Samsung Note 3 ,,,USB 3.0 Cable For Samsung Note 3 - White,Samsung ,, 204,
Genuine Samsung  Car Mobile Charger ,,,Genuine Samsung  Car Mobile Charger - Black,Samsung ,," 3,500",
Handsfree for Galaxy Note 4 & Note 4 Edge ,,,Handsfree for Galaxy Note 4 & Note 4 Edge - White,Samsung ,, 510,
Fast Car Charger For Galaxy S6 & S6 Edge ,,,Fast Car Charger For Galaxy S6 & S6 Edge - White,Samsung ,, 515,
EHS61ASFWE ,,,"EHS61ASFWE - Earphones for Galaxy S4 i9500, S2 & S3 - White",Samsung ,, 280,
Original Battery For Galaxy S6 ,,,Original Battery For Galaxy S6 - 2550mAh - Silver,Samsung ,, 999,
Body Back Case for Galaxy S5 ,,,Body Back Case for Galaxy S5 - Grey,Samsung ,, 245,
Galaxy Grand Prime Back Replacement Cover ,,,Galaxy Grand Prime Back Replacement Cover - Golden,Samsung ,, 295,
TPU Jelly Cover For Samsung A5 2017 ,,,TPU Jelly Cover For Samsung A5 2017 - Transparent,Samsung ,, 380,
Handsfree Earphone for Samsung Galaxy J5 ,,,Handsfree Earphone for Samsung Galaxy J5 - White,Samsung ,, 322,
EB575152VU ,,,EB575152VU - Battery For Galaxy S2 - Black,Samsung ,, 899,
Stylus Touch S Pen For Galaxy Note 2 ,,,Stylus Touch S Pen For Galaxy Note 2 - White,Samsung ,, 375,
Galaxy A3 Charger With Data Cable ,,,Galaxy A3 Charger With Data Cable - White   ,Samsung ,, 799,
Cable For Samsung Note3 /S5 ,,,Cable For Samsung Note3 /S5 - White,Samsung ,, 229,
Charger for Galaxy S6 & S6 Edge ,,,Charger for Galaxy S6 & S6 Edge - 3 Pin - White,Samsung ,, 777,
Samsung A7 2017 ,, 32GB ,Samsung A7 2017 - 3GB - 32GB - Blue,Samsung , 3GB ," 49,800",
Stylus Touch Pen For Galaxy Note 4 ,,,Stylus Touch Pen For Galaxy Note 4 - Golden,Samsung ,, 420,
Tempered Glass Protector For Galaxy Note 4 ,,,Tempered Glass Protector For Galaxy Note 4 - Transparent,Samsung ,, 75,
USB 2.0 Cable For Samsung ,,,USB 2.0 Cable For Samsung - White,Samsung ,, 170,
Back Cover for Galaxy Tab E ,,,Back Cover for Galaxy Tab E - Black,Samsung ,," 1,999",
TPU Case for Samsung Galaxy S4 i9500 ,,,TPU Case for Samsung Galaxy S4 i9500 - Transparent,Samsung ,, 90,
SM,,,"SM-T280 - Galaxy Tab A 7"" (2016) - Black",Samsung ,," 13,460"," Galaxy Tab A 7"" (2016) "
Original Charger with Data Cable for Samsung Galaxy Grand 2 ,,,Original Charger with Data Cable for Samsung Galaxy Grand 2 - White,Samsung ,, 525,
Back Cover for Galaxy S5 ,,,Back Cover for Galaxy S5 - Golden,Samsung ,, 300,
Samsung Galaxy Note 4 ,,,Samsung Galaxy Note 4 - Stylus Touch Pen,Samsung ,, 450,
Galaxy Note 4 Genuine Charger with Cable,,,Galaxy Note 4 Genuine Charger with Cable,Samsung ,, 800,
Handsfree Earphone For Galaxy C5 & C7 ,,,Handsfree Earphone For Galaxy C5 & C7 - White,Samsung ,, 725,
TPU Jelly Case for Samsung Galaxy J510 ,,,TPU Jelly Case for Samsung Galaxy J510 - Transparent ,Samsung ,, 48,
EB595675LU ,,,EB595675LU - Battery for Galaxy Note 2 - Black,Samsung ,," 1,225",
S5 Original Battery ,,,S5 Original Battery - Black,Samsung ,, 999,
Fast Charger With Original Cable For S7/S7 Edge ,,,Fast Charger With Original Cable For S7/S7 Edge - White,Samsung ,, 875,
Original Stylus Touch S Pen for Galaxy Note 3 ,,,Original Stylus Touch S Pen for Galaxy Note 3 - White,Samsung ,, 395,
Body Replacement Back Samsung Galaxy Grand Prime ,,,Body Replacement Back Samsung Galaxy Grand Prime - White,Samsung ,, 275,
USB Data Charger Cable ,,,USB Data Charger Cable - White,Samsung ,, 499,
TPU Jelly Case for Samsung Galaxy A710 ,,,TPU Jelly Case for Samsung Galaxy A710 - Transparent,Samsung ,, 48,
Original Battery for Samsung  J500 ,,,Original Battery for Samsung  J500 - Black,Samsung ,," 1,195",
TPU Jelly Case for Samsung Galaxy J5,,,TPU Jelly Case for Samsung Galaxy J5,Samsung ,, 249,
VR Oculus Gear ,,,VR Oculus Gear - Black,Samsung ,," 7,499",
Genuine Battery for Samsung Note 3,,,Genuine Battery for Samsung Note 3,Samsung ,, 999,
Tempered Glass Protector for Galaxy J3 ,,,Tempered Glass Protector for Galaxy J3 - Clear,Samsung ,, 129,
Pack of 3 ,,,Pack of 3 - Data Cable,Samsung ,, 797,
Battery for Galaxy S2 ,,,Battery for Galaxy S2 - Black,Samsung ,, 575,
EB,,,EB-F1M7FLU - Battery For Galaxy S3 Mini i8190 - 1500mAh – Black,Samsung ,, 505,
Original Adaptive Fast Charger For S7 Edge ,,,Original Adaptive Fast Charger For S7 Edge - White,Samsung ,," 1,399",
Charger with Data Cable for iPhone 6 & 6S ,,,Charger with Data Cable for iPhone 6 & 6S - White,Samsung ,, 888,
TPU Jelly Cover for Samsung A5,,,TPU Jelly Cover for Samsung A5-2017 - Transparent,Samsung ,, 899,
EP,,,EP-PG920I - Wireless Charging Pad For S6 & S6 Edge - Pearl White,Samsung ,," 4,499",
Body Replacement Back For Samsung Galaxy J5 ,,,Body Replacement Back For Samsung Galaxy J5 - Black,Samsung ,, 350,
Original Battery For Samsung Galaxy S4,,,Original Battery For Samsung Galaxy S4,Samsung ,," 1,495",
Samsung A5 (2015) Leather Flip Mobile Cover,,,Samsung A5 (2015) Leather Flip Mobile Cover,Samsung ,, 990,
Front & Back Full Cover 360 Zack Sheet for A3 2017 ,,,Front & Back Full Cover 360 Zack Sheet for A3 2017 - Transparent,Samsung ,, 700,
USB 2.0 Charging Cable ,,,USB 2.0 Charging Cable - 1.0m - White,Samsung ,, 329,
Samsung Data Cable For S6 ,,,Samsung Data Cable For S6 - White,Samsung ,, 215,
White ,,,White - Charging Pad Wireless Charging Stand,Samsung ,," 5,500",
Front & Back 360 Zack Sheet for S7 Edge ,,,Front & Back 360 Zack Sheet for S7 Edge - Transparent,Samsung ,, 750,
J5 , 13 MP , 16GB ,"J5 - 2GB - 16GB - 5.2"" - 13 MP -  Gold",Samsung , 2GB ," 22,300"," 5.2"" "
TPU Jelly Case for Samsung Galaxy J7,,,TPU Jelly Case for Samsung Galaxy J7,Samsung ,, 62,
Galaxy Note 4 & Note 4 Edge Handsfree ,,,Galaxy Note 4 & Note 4 Edge Handsfree - White,Samsung ,," 1,150",
Samsung Data Cable For Note 5 ,,,Samsung Data Cable For Note 5 - White,Samsung ,, 215,
S8 ,, 64GB ROM ,"S8 - 5.8"" - QHD+ Display - 4GB RAM - 64GB ROM - Maple Gold",Samsung , 4GB RAM ," 87,000"," 5.8"" "
Samsung A5 (2016) Leather Flip Mobile Cover,,,Samsung A5 (2016) Leather Flip Mobile Cover,Samsung ,," 1,250",
Fast Charger For Galaxy S8 plus ,,,Fast Charger For Galaxy S8 plus - White,Samsung ,," 1,200",
Level U Bluetooth Stereo Headset Samsung ,,,Level U Bluetooth Stereo Headset Samsung - Gold,Samsung ,," 4,500",
Jelly Cover For Samsung Galaxy S4 ,,,Jelly Cover For Samsung Galaxy S4 - Transparent,Samsung ,, 173,
Original Fast Charger For All Samsung Mobiles ,,,Original Fast Charger For All Samsung Mobiles - White,Samsung ,, 650,
EB,,,EB-BG925ABE - Galaxy S6 Edge G925 Genuine Battery,Samsung ,," 2,799",
USB Data And Charger Cable ,,,USB Data And Charger Cable - White,Samsung ,, 488,
T4000E ,,,T4000E - Battery For Samsung Galaxy Tab 3 - 4000mAh - Silver,Samsung ,," 1,275",
Galaxy Note 3 Stylus ,,,Galaxy Note 3 Stylus - Black,Samsung ,, 389,
2.5D Tempered Glass Protector for Galaxy J1 Mini & Mini Prime,,,2.5D Tempered Glass Protector for Galaxy J1 Mini & Mini Prime,Samsung ,, 600,
Tempered Glass Screen Protector,,,Tempered Glass Screen Protector- Samsung Galaxy Note 4,Samsung ,, 95,
Galaxy Grand Prime Genuine Charger with Data Cable,,,Galaxy Grand Prime Genuine Charger with Data Cable,Samsung ,, 750,
Stylus Touch S Pen for Galaxy Note 5 ,,,Stylus Touch S Pen for Galaxy Note 5 - Silver,Samsung ,," 1,111",
Power Bank ,,,Power Bank - 8400 mAh - White,Samsung ,," 3,790",
Body Replacement Back For Samsung Galaxy Note 2 ,,,Body Replacement Back For Samsung Galaxy Note 2 - White,Samsung ,, 239,
Genuine Battery for Samsung S3,,,Genuine Battery for Samsung S3,Samsung ,, 891,
Stylus Touch Pen for Galaxy Note 4 & Note Edge ,,,Stylus Touch Pen for Galaxy Note 4 & Note Edge - Grey,Samsung ,, 399,
Back Cover for Samsung Tab S2 ,,,"Back Cover for Samsung Tab S2 - 9.6'"" - Black",Samsung ,," 2,199"," 9.6'"" "
Handfree for Samsung Galaxy J7 ,,,Handfree for Samsung Galaxy J7 -White 100% original,Samsung ,," 2,399",
USB Data Cable For Note 3 & S5 ,,,USB Data Cable For Note 3 & S5 - white,Samsung ,, 299,
Level U Wireless Headphones ,,,Level U Wireless Headphones - Black & Blue,Samsung ,," 4,599",
Galaxy J5 Prime , 13MP , 16GB ROM ,"Galaxy J5 Prime - 5.0"" - 16GB ROM - 2GB RAM - 13MP - 4G LTE - Black",Samsung , 2GB RAM ," 24,999"," 5.0"" "
Galaxy Grand Prime Plus ,, 8GB ROM ,"Galaxy Grand Prime Plus - 5.0"" - 8GB ROM - 1.5GB RAM - Black",Samsung , 1.5GB RAM ," 14,999"," 5.0"" "
Galaxy A7 2017 ,, 32GB ROM ,Galaxy A7 2017 - 32GB ROM - Black Sky,Samsung ,," 47,499",
EB,,,EB-BJ100CBE - Battery For Samsung Galaxy J1 - J100H - 1850mAh - Black,Samsung ,, 675,
Best Charger with Data Cable for Galaxy Grand Prime ,,,Best Charger with Data Cable for Galaxy Grand Prime - White,Samsung ,, 499,
"Fast Charger With USB Cable Travel Adapter for S6, S7 Edge Plus ",,,"Fast Charger With USB Cable Travel Adapter for S6, S7 Edge Plus - White",Samsung ,, 989,
Charger With Dual Charging Port For Smartphone ,,,Charger With Dual Charging Port For Smartphone - 2.1A LED - White,Samsung ,, 399,
"Fast Charger 3Pin Travel Adapter for S8, S8 Plus ",,,"Fast Charger 3Pin Travel Adapter for S8, S8 Plus - White",Samsung ,, 699,
Charger Dock For Samsung 2Pin ,,,Charger Dock For Samsung 2Pin - White,Samsung ,, 449,
Transparent ,,,Transparent - Slim Cover For J5,Samsung ,, 450,
Black ,,,Black - Charging Pad Wireless Charging Stand,Samsung ,," 5,500",
Black ,,,Black - Car Adapter Single Usb 1.7 A,Samsung ,," 2,399",
Vehicle Dock ,,,Vehicle Dock - Black,Samsung ,," 2,399",
Gold ,,,Gold - Flip Wallet Cover For J5,Samsung ,," 1,250",
USB Charger ,,,USB Charger - 5W - White,Samsung ,, 976,
J7 , 13MP , 16GB ,"J7 - 2GB RAM - 16GB - 5.5"" - 13MP - Golden",Samsung , 2GB RAM ," 26,800"," 5.5"" "
Memory Card ,, 8GB,Memory Card - 8GB,Samsung ,, 689,
Galaxy S8 Plus Clear View Standing Cover ,,,Galaxy S8 Plus Clear View Standing Cover - Gold,Samsung ,," 5,000",
Gear IconX Wireless Earphones ,,,Gear IconX Wireless Earphones - White,Samsung ,," 22,999",
Original Glass Screen Protector For S7 Edge ,,,Original Glass Screen Protector For S7 Edge - Golden,Samsung ,," 1,300",
Galaxy Grand / Grand Neo Genuine Battery ,,,Galaxy Grand / Grand Neo Genuine Battery - Made by Samsung,Samsung ,, 890,
Genuine Wireless Charger For Galaxy Note 5 & S6 Edge Plus ,,,Genuine Wireless Charger For Galaxy Note 5 & S6 Edge Plus - White,Samsung ,," 4,990",
Clear View Standing Cover For Samsung Galaxy S8 Plus  ,,,Clear View Standing Cover For Samsung Galaxy S8 Plus  - Blue,Samsung ,," 5,000",
Original Samsung Colored Glass Screen Protector for S7 Edge ,,,Original Samsung Colored Glass Screen Protector for S7 Edge - Black,Samsung ,," 2,100",
Rapid Fast Car Charger ,,,Rapid Fast Car Charger - White,Samsung ,, 675,
Galaxy Series Adaptive Fast Charger ,,,Galaxy Series Adaptive Fast Charger - White,Samsung ,, 840,
Leather Textured Power Bank ,,,Leather Textured Power Bank - 8400 mAh - White,Samsung ,," 3,790",
Tempered Glass Protector for Samsung Note 5,,,Tempered Glass Protector for Samsung Note 5,Samsung ,, 89,
Stylus Touch Pen For Galaxy Note 2 ,,,Stylus Touch Pen For Galaxy Note 2 - Black,Samsung ,, 400,
Genuine Battery for Samsung S2,,,Genuine Battery for Samsung S2,Samsung ,, 871,
Galaxy Grand Prime Plus , 8MP Camera , 8GB ROM ,"Galaxy Grand Prime Plus - Dual Sim - 5.0"" - 8GB ROM - 1.5GB RAM - 8MP Camera - Black",Samsung , 1.5GB RAM ," 15,620"," 5.0"" "
Grand Prime Plus ,, 8GB ,Grand Prime Plus - Dual Sim - 8GB - LTE - Black - 4G LTE,Samsung ,," 14,790",
TPU Jelly Case for Samsung Galaxy J710 ,,,TPU Jelly Case for Samsung Galaxy J710 - Transparent,Samsung ,, 72,
Back Cover For Samsung Galaxy A3 ,,,Back Cover For Samsung Galaxy A3 - Transparent,Samsung ,, 77,
Galaxy Tab A (2016) ,,,"Galaxy Tab A (2016) - 7"" - SM-T285 - Black",Samsung ,," 21,000"," 7"" "
Front & Back 360 Zack Sheet for S6 Edge ,,,Front & Back 360 Zack Sheet for S6 Edge - Transparent,Samsung ,, 750,
Tempered Glass Protector for Galaxy A9 Pro,,,Tempered Glass Protector for Galaxy A9 Pro,Samsung ,, 295,
Standing Back Cover For Galaxy S8 ,,,Standing Back Cover For Galaxy S8 - Blue,Samsung ,," 7,999",
Standing Back Cover For Galaxy S8 ,,,Standing Back Cover For Galaxy S8 - Gold,Samsung ,," 7,999",
Standing Back Cover for Galaxy S8 ,,,Standing Back Cover for Galaxy S8 - Black,Samsung ,," 7,999",
Power Bank ,,,Power Bank - 5200 mAh - Golden,Samsung ,," 3,199",
TPU Jelly Case for Samsung Galaxy Note 5 ,,,TPU Jelly Case for Samsung Galaxy Note 5 - Transparent ,Samsung ,, 68,
Galaxy Tablets Genuine Cable,,,Galaxy Tablets Genuine Cable,Samsung ,, 400,
Note 5 Samsung Galaxy Glass Screen Protector,,,Note 5 Samsung Galaxy Glass Screen Protector-Maujtech,Samsung ,, 145,
Body Replacement Back For Samsung Galaxy S5 ,,,Body Replacement Back For Samsung Galaxy S5 - Blue,Samsung ,, 299,
Galaxy S3 Body Replacement Back ,,,Galaxy S3 Body Replacement Back - White,Samsung ,, 249,
Genuine Battery for Samsung S4 Mini,,,Genuine Battery for Samsung S4 Mini,Samsung ,," 1,355",
Tempered Glass Protector For Galaxy A3 2016 ,,,Tempered Glass Protector For Galaxy A3 2016 - Transparent,Samsung ,, 85,
Glass Screen Protector For Galaxy Note 3 ,,,Glass Screen Protector For Galaxy Note 3 - Clear,Samsung ,, 137,
Tempered Glass Protector for Samsung Galaxy J2,,,Tempered Glass Protector for Samsung Galaxy J2,Samsung ,, 85,
Body Replacement Back For Galaxy Note 3 ,,,Body Replacement Back For Galaxy Note 3 - Black,Samsung ,, 300,
Fast Charger With USB Cable For Samsung ,,,Fast Charger With USB Cable For Samsung - White,Samsung ,," 1,450",
Original Galaxy Note 5 Fast Charger ,,,Original Galaxy Note 5 Fast Charger - White,Samsung ,," 1,299",
Galaxy S8 Plus Clear View Standing Cover ,,,Galaxy S8 Plus Clear View Standing Cover - Black,Samsung ,," 7,990",
Flip Cover for Galaxy S6 Edge Plus ,,,Flip Cover for Galaxy S6 Edge Plus - Blue,Samsung ,," 8,000",
Data Cable for Galaxy S6 Edge ,,,Data Cable for Galaxy S6 Edge - White,Samsung ,, 209,
Stylus Touch Pen For Galaxy Note 3 ,,,Stylus Touch Pen For Galaxy Note 3 - Black,Samsung ,, 500,
Galaxy Grand 2 Genuine Charger,,,Galaxy Grand 2 Genuine Charger,Samsung ,, 800,
Galaxy Core 2 Genuine Charger with Data Cable,,,Galaxy Core 2 Genuine Charger with Data Cable,Samsung ,, 750,
Galaxy S Duos Charger with Data Cable,,,Galaxy S Duos Charger with Data Cable,Samsung ,, 650,
Galaxy Grand Neo Genuine Charger with Data Cable,,,Galaxy Grand Neo Genuine Charger with Data Cable,Samsung ,, 800,
Battery For Galaxy S4 ,,,Battery For Galaxy S4 - Black,Samsung ,," 1,899",
i1000 ,,,i1000 - Bluetooth headset - Black,Samsung ,," 1,199",
Galaxy S3 i9300 Battery Pack ,,,Galaxy S3 i9300 Battery Pack - Black,Samsung ,, 650,
"Fast Charger For Galaxy A5, A7 & A8 ",,,"Fast Charger For Galaxy A5, A7 & A8 - White",Samsung ,, 599,
Wireless HDMI Display Adapter ,,,Wireless HDMI Display Adapter - Black,Samsung ,," 3,999",
5200 mAh Power Bank,,,5200 mAh Power Bank,Samsung ,," 3,399",
Glass Protector for Samsung Galaxy S4,,,Glass Protector for Samsung Galaxy S4,Samsung ,, 99,
Charger for Galaxy Note 5 & S6 Edge Plus ,,,Charger for Galaxy Note 5 & S6 Edge Plus - 3 Pin - White,Samsung ,, 949,
EP,,,EP-PG920I - Wireless Charging Pad For S6 & S6 Edge - Pearl White,Samsung ,," 4,990",
EB575152VU ,,,EB575152VU - Galaxy S1 Genuine Battery - Black,Samsung ,, 700,
EB,,,"EB-425161LU - Genuine Battery for Galaxy Star Pro, Galaxy S Duos , Galaxy S Duos 2 - Black",Samsung ,, 780,
Galaxy S8 Clear View Standing Cover ,,,Galaxy S8 Clear View Standing Cover - Black,Samsung ,," 7,990",
Galaxy S7 Edge Leather Flip Mobile Cover,,,Galaxy S7 Edge Leather Flip Mobile Cover,Samsung ,, 890,
EB,,,EB-BG360BBE - Battery for Samsung G360 Core Prime,Samsung ,, 523,
SMT,,,SMT-580 - Galaxy Tab A 10.1 (2016) - White,Samsung ,," 22,999",
Screen Protector For Samsung Galaxy Grand 2 SM,,,Screen Protector For Samsung Galaxy Grand 2 SM-G7106,Samsung ,, 235,
Tempered Glass for Samsung Galaxy S7,,,Tempered Glass for Samsung Galaxy S7,Samsung ,, 225,
Pack of 3 ,,,Pack of 3 - Screen Protector For Samsung Galaxy S4 i9500,Samsung ,, 245,
Front & Back Full Cover 360 Zack Sheet for A310 ,,,Front & Back Full Cover 360 Zack Sheet for A310 - Transparent,Samsung ,, 700,
Front & Back Full Cover 360 Zack Sheet for C7 ,,,Front & Back Full Cover 360 Zack Sheet for C7 - Transparent,Samsung ,, 700,
Front & Back Full Cover 360 Zack Sheet for J5 Prime ,,,Front & Back Full Cover 360 Zack Sheet for J5 Prime - Transparent,Samsung ,, 700,
Front & Back Full Cover 360 Zack Sheet for A5 2017 ,,,Front & Back Full Cover 360 Zack Sheet for A5 2017 - Transparent,Samsung ,, 700,
Front & Back Full Cover 360 Zack Sheet for A710 ,,,Front & Back Full Cover 360 Zack Sheet for A710 - Transparent,Samsung ,, 700,
Front & Back 360 Zack Sheet for A510 ,,,Front & Back 360 Zack Sheet for A510 - Transparent,Samsung ,, 700,
Front & Back 360 Zack Sheet for S6 Edge Plus ,,,Front & Back 360 Zack Sheet for S6 Edge Plus - Transparent,Samsung ,, 700,
Front & Back 360 Zack Sheet for Samsung S6 ,,,Front & Back 360 Zack Sheet for Samsung S6 - Transparent,Samsung ,, 700,
Front & Back 360 Zack Sheet for Note Edge ,,,Front & Back 360 Zack Sheet for Note Edge - Transparent,Samsung ,, 700,
Front & Back 360 Zack Sheet for Note 7 ,,,Front & Back 360 Zack Sheet for Note 7 - Transparent,Samsung ,, 700,
Front & Back 360 Zack Sheet for Note 5 ,,,Front & Back 360 Zack Sheet for Note 5 - Transparent,Samsung ,, 700,
Galaxy A7 , 16MP , 32GB ,"Galaxy A7 - 5.7"" - 3GB - 32GB - 16MP - Gold",Samsung , 3GB ," 55,000"," 5.7"" "
Tempered Glass Screen Protector for Galaxy S III,,,Tempered Glass Screen Protector for Galaxy S III,Samsung ,, 145,
2.5D Tempered Glass Screen Protector for Samsung Galaxy J7 Prime ,,,2.5D Tempered Glass Screen Protector for Samsung Galaxy J7 Prime - Transparent,Samsung ,, 195,
Tempered Glass for Galaxy A7,,,Tempered Glass for Galaxy A7,Samsung ,, 420,
Tempered Glass for Galaxy A5,,,Tempered Glass for Galaxy A5,Samsung ,, 420,
Tempered Glass for Galaxy A3,,,Tempered Glass for Galaxy A3,Samsung ,, 420,
Tempered Glass Protector for Galaxy J3,,,Tempered Glass Protector for Galaxy J3,Samsung ,, 110,
Premium 2.5D Tempered Glass Protector for Samsung Galaxy A3,,,Premium 2.5D Tempered Glass Protector for Samsung Galaxy A3,Samsung ,, 120,
Screen Protector For Note 3 Samsung Galaxy ,,,Screen Protector For Note 3 Samsung Galaxy - Transparent,Samsung ,, 199,
Galaxy Grand 2 Charger with Data Cable ,,,Galaxy Grand 2 Charger with Data Cable - White,Samsung ,, 635,
S3 Samsung Tempered Glass Screen Protector for Galaxy S III,,,S3 Samsung Tempered Glass Screen Protector for Galaxy S III-Maujtech,Samsung ,, 145,
Note 2 Samsung  Premium Ultra Thin Tempered Glass Screen Protector Film,,,Note 2 Samsung  Premium Ultra Thin Tempered Glass Screen Protector Film-Maujtech,Samsung ,, 145,
Fast Charger Travel Adapter S7/S7 Edge/S6/S6 Edge/Note 5/Note 7 Samsung,,,Fast Charger Travel Adapter S7/S7 Edge/S6/S6 Edge/Note 5/Note 7 Samsung- White,Samsung ,, 999,
Car Charger S7 S7 Edge S6 S6 Edge Note 5 Note 7 For Samsung,,,Car Charger S7 S7 Edge S6 S6 Edge Note 5 Note 7 For Samsung- White,Samsung ,, 999,
Charger for Galaxy Note 5 & S6 Edge Plus ,,,Charger for Galaxy Note 5 & S6 Edge Plus - White,Samsung ,," 1,500",
Tempered Glass Protector for Galaxy A7,,,Tempered Glass Protector for Galaxy A7,Samsung ,, 500,
Fast Charger For S7 Edge ,,,Fast Charger For S7 Edge - White,Samsung ,," 1,400",
Galaxy Charger ,,,Galaxy Charger - 2Amp - White,Samsung ,," 1,400",
Travel Adapter Charger ,,,Travel Adapter Charger - 1 Amp - Black,Samsung ,, 300,
Travel Adapter with Cable ,,,Travel Adapter with Cable - White,Samsung ,," 1,750",
Flip Cover for Samsung Galaxy A510 ,,,Flip Cover for Samsung Galaxy A510 - White,Samsung ,, 650,
Tempered Glass for Samsung Galaxy A8 ,,,Tempered Glass for Samsung Galaxy A8 - Clear,Samsung ,, 350,
Tempered Glass Protector For Galaxy S5 ,,,Tempered Glass Protector For Galaxy S5 - Transparent,Samsung ,, 95,
Tempered Glass Protector for Samsung Galaxy J2 ,,,Tempered Glass Protector for Samsung Galaxy J2 - Clear,Samsung ,, 145,
Tempered Glass Protector for Galaxy Alpha ,,,Tempered Glass Protector for Galaxy Alpha - Clear,Samsung ,, 125,
Tempered Glass Protector for Samsung Galaxy S5 Mini ,,,Tempered Glass Protector for Samsung Galaxy S5 Mini - Clear,Samsung ,, 125,
Tempered Glass Protector For Galaxy A5 2016 ,,,Tempered Glass Protector For Galaxy A5 2016 - Transparent,Samsung ,, 78,
Tempered Glass Protector for Samsung Galaxy S4 Mini ,,,Tempered Glass Protector for Samsung Galaxy S4 Mini - Clear,Samsung ,, 122,
Tempered Glass Protector for Samsung Galaxy Core Prime ,,,Tempered Glass Protector for Samsung Galaxy Core Prime - Clear,Samsung ,, 97,
Glass Screen Protector For Samsung Galaxy J2 ,,,Glass Screen Protector For Samsung Galaxy J2 - Clear,Samsung ,, 145,
Jelly Case for Samsung Galaxy J2 ,,,Jelly Case for Samsung Galaxy J2 - Transparent,Samsung ,, 242,
Glass Protector For Samsung Galaxy J1,,,Glass Protector For Samsung Galaxy J1-Ace - Clear,Samsung ,, 242,
Glass Protector For Samsung Galaxy J1 ,,,Glass Protector For Samsung Galaxy J1 - Transparent,Samsung ,, 98,
Glass Screen Protector for Samsung Galaxy A3 ,,,Glass Screen Protector for Samsung Galaxy A3 - Clear,Samsung ,, 185,
Jelly Case for Samsung Galaxy J1 ,,,Jelly Case for Samsung Galaxy J1 - Transparent,Samsung ,, 244,
Glass Protector For Samsung Galaxy S5 ,,,Glass Protector For Samsung Galaxy S5 - Transparent,Samsung ,, 122,
Glass Screen Protector for Samsung Galaxy A5,,,Glass Screen Protector for Samsung Galaxy A5,Samsung ,, 145,
Galaxy Note 5 Handsfree Earphone ,,,Galaxy Note 5 Handsfree Earphone - White,Samsung ,, 650,
Galaxy C5/C7 Handsfree Earphone ,,,Galaxy C5/C7 Handsfree Earphone - White,Samsung ,, 525,
Cable For Galaxy E5 & E7 ,,,Cable For Galaxy E5 & E7 - White,Samsung ,, 219,
Original Stylus Touch  Pen for Galaxy Note 5 ,,,Original Stylus Touch  Pen for Galaxy Note 5 - Gold,Samsung ,," 1,250",
Original Stylus Touch Pen For Galaxy Note Edge ,,,Original Stylus Touch Pen For Galaxy Note Edge - White,Samsung ,, 499,
Original Stylus Touch Pen For Galaxy Note Edge ,,,Original Stylus Touch Pen For Galaxy Note Edge - Black,Samsung ,, 499,
Stylus Touch Pen For Galaxy Note 1 ,,,Stylus Touch Pen For Galaxy Note 1 - White,Samsung ,, 360,
Stylus Touch S Pen for Galaxy Note 1 ,,,Stylus Touch S Pen for Galaxy Note 1 - Black,Samsung ,, 360,
Body Back Case for Galaxy S5 ,,,Body Back Case for Galaxy S5 - White,Samsung ,, 269,
Adaptive Fast Car Charger For Galaxy S7 ,,,Adaptive Fast Car Charger For Galaxy S7 - White,Samsung ,," 1,199",
Battery for Galaxy Note 2 ,,,Battery for Galaxy Note 2 - Black,Samsung ,, 875,
Galaxy J1 Body Replacement Back ,,,Galaxy J1 Body Replacement Back - Blue,Samsung ,, 350,
Galaxy S3 Body Replacement Back ,,,Galaxy S3 Body Replacement Back - Blue,Samsung ,, 239,
Body Replacement Back For Samsung Galaxy S4 ,,,Body Replacement Back For Samsung Galaxy S4 - White,Samsung ,, 299,
Galaxy S4 Battery ,,,Galaxy S4 Battery - Black,Samsung ,, 695,
Battery For Galaxy S5 ,,,Battery For Galaxy S5 - Black,Samsung ,, 850,
EVO Micro SD Card ,, 16GB ,EVO Micro SD Card - 16GB - Orange,Samsung ,," 1,289",
Galaxy S6 Edge Accessories Combo Deal ,,,Galaxy S6 Edge Accessories Combo Deal - 5 in 1,Samsung ,," 1,601",
Galaxy S5 ,,,Galaxy S5 - Mini Genuine Battery - Black,Samsung ,," 1,250",
Galaxy E5 Charger With Data Cable ,,,Galaxy E5 Charger With Data Cable - White,Samsung ,, 800,
EB,,,EB-BG925ABE - Galaxy S6 Edge / G925 Genuine Internal Battery - Made by Samsung,Samsung ,," 3,300",
Genuine Wireless Charger For Galaxy Note 5 & S6 Edge Plus ,,,Genuine Wireless Charger For Galaxy Note 5 & S6 Edge Plus - Black,Samsung ,," 3,500",
EB615268VU ,,,EB615268VU - Galaxy Note Genuine Battery - Black,Samsung ,, 999,
Samsung Gear Iconx Wireless Fitness Tracker Sports Earphones ,,,Samsung Gear Iconx Wireless Fitness Tracker Sports Earphones - Black,Samsung ,," 36,099",
Galaxy J5 Prime , 13 MP , 16 GB ,"Galaxy J5 Prime - 1.4 GHz - 5.0"" - 2 GB - 16 GB - 13 MP - Gold",Samsung , 2 GB ," 23,850"," 5.0"" "
Samsung A7 2017 ,, 32GB ,Samsung A7 2017 - 3GB - 32GB - Gold,Samsung , 3GB ," 49,800",
Charger With Cable for S7 Edge & Note 5 ,,,Charger With Cable for S7 Edge & Note 5 - White,Samsung ,," 1,849",
Galaxy S7 Edge Earphones ,,,Galaxy S7 Edge Earphones - White,Samsung ,," 1,299",
Glass Screen Protector For S6 Edge ,,,Glass Screen Protector For S6 Edge - Green,Samsung ,," 2,150",
CrashGuard Bumper Case for Galaxy S7,,,CrashGuard Bumper Case for Galaxy S7,Samsung ,," 3,250",
Gear VR ,,,Gear VR - Virtual Reality Headset - Silver & Black,Samsung ,," 8,999",
VR Gear Headset,,,VR Gear Headset,Samsung ,," 14,500",
Oculus VR Gear ,,,Oculus VR Gear - Black and White,Samsung ,," 20,000",
Galaxy A3 7 A320 , 13MP , 16GB ,"Galaxy A3 7 A320 - 4.7"" - 16GB - 2GB RAM - 13MP - Black",Samsung , 2GB RAM ," 31,400"," 4.7"" "
Gear VR ,,,Gear VR - Black and White,Samsung ,," 8,499",
Glass Screen Protector For S7 Edge ,,,Glass Screen Protector For S7 Edge - Silver,Samsung ,," 1,350",
Glass Screen Protector For S6 Edge Plus ,,,Glass Screen Protector For S6 Edge Plus - Golden,Samsung ,," 1,300",
Glass Screen Protector For S6 Edge Plus ,,,Glass Screen Protector For S6 Edge Plus - Blue,Samsung ,," 1,300",
TPU Jelly Cover For Samsung A3 2017 ,,,TPU Jelly Cover For Samsung A3 2017 - Transparent,Samsung ,, 380,
TPU Jelly Cover For Samsung A7 2017 ,,,TPU Jelly Cover For Samsung A7 2017 - Transparent,Samsung ,, 388,
Tempered Glass for Galaxy A3 2017,,,Tempered Glass for Galaxy A3 2017,Samsung ,, 480,
Tempered Glass for Galaxy A7 2017,,,Tempered Glass for Galaxy A7 2017,Samsung ,, 480,
Glass Screen Protector For S6 Edge ,,,Glass Screen Protector For S6 Edge - Golden,Samsung ,," 1,300",
Glass Screen Protector For S6 Edge ,,,Glass Screen Protector For S6 Edge - Blue,Samsung ,," 1,350",
Galaxy A5 , 16MP , 32GB ,"Galaxy A5 - 5.2"" - 3GB - 32GB - 16MP - Gold",Samsung , 3GB ," 47,000"," 5.2"" "
Galaxy A3 , 13MP , 16GB ,"Galaxy A3 - 4.7"" - 2GB - 16GB - 13MP - Gold",Samsung , 2GB ," 37,500"," 4.7"" "
Fast Car Charger with USB Cable ,,,Fast Car Charger with USB Cable - White,Samsung ,," 1,399",
J7 , 13MP , 16GB ,"J7 - 2GB RAM - 16GB - 5.5"" - 13MP - Black",Samsung , 2GB RAM ," 26,800"," 5.5"" "
J5 , 13 MP , 16GB ,"J5 - 2GB - 16GB - 5.2"" - 13 MP - Black",Samsung , 2GB ," 22,300"," 5.2"" "
Fast Charger With USB Cable Travel Adapter for A9 Pro ,,,Fast Charger With USB Cable Travel Adapter for A9 Pro - White,Samsung ,," 1,099",
Galaxy J7 J710F ,, 16GB ,Galaxy J7 J710F - 16GB - White - 4G LTE,Samsung ,," 25,299",
Samsung Gear Iconx Wireless Fitness Tracker Sports Earphones ,,,Samsung Gear Iconx Wireless Fitness Tracker Sports Earphones - Blue,Samsung ,," 33,249",
Car Charger For Samsung ,,,Car Charger For Samsung - White,Samsung ,, 919,
Tempered Glass Screen Protector for Galaxy S6 Edge ,,,Tempered Glass Screen Protector for Galaxy S6 Edge - Golden,Samsung ,, 700,
Bluetooth Headset HM1900 ,,,Bluetooth Headset HM1900 - Black,Samsung ,," 3,999",
Power Bank Battery ,,,Power Bank Battery - 3100mAh - Silver,Samsung ,," 5,499",
Power Bank Battery ,,,Power Bank Battery - 5200mAh - Silver,Samsung ,," 5,499",
Power Bank Battery ,,,Power Bank Battery - 3100mAh - Black,Samsung ,," 5,499",
Power Bank ,,,Power Bank - 5200 mAh - Gold,Samsung ,," 5,499",
Genuine Samsung Wireless Charger ,,,Genuine Samsung Wireless Charger - White,Samsung ,," 6,899",
Genuine Wireless Fast Charger ,,,Genuine Wireless Fast Charger - Black,Samsung ,," 6,499",
Genuine Travel/Home Adapter ,,,Genuine Travel/Home Adapter - White,Samsung ,," 3,500",
Genuine Charging Adapter ,,,Genuine Charging Adapter - 25 W - White,Samsung ,," 3,500",
Genuine Power Bank ,,,Genuine Power Bank - 200 mAh - Silver,Samsung ,," 7,999",
Genuine Power Bank ,,,Genuine Power Bank - 200 mAh - Gold,Samsung ,," 7,999",
Genuine Power Bank Battery ,,,Genuine Power Bank Battery - 100mAh - Black,Samsung ,," 5,999",
In,,,In-Ear Haed Phones - EO-IG935 - Black,Samsung ,," 1,999",
Bluetooth Stereo HeadSet Level U ,,,Bluetooth Stereo HeadSet Level U - EO-BG920 - White,Samsung ,," 6,499",
Battery For Galaxy S Duos ,,,Battery For Galaxy S Duos - 1500mAh,Samsung ,, 650,
Stylus Touch Pen For Galaxy Note 4 ,,,Stylus Touch Pen For Galaxy Note 4 - Black,Samsung ,, 420,
Stylus Touch S Pen ,,,Stylus Touch S Pen - For Galaxy Note 5 - Gray,Samsung ,, 999,
Fast Charger With  Usb Cable For Galaxy S6/S6 Edge/S6 Edge/Note 5/Note 4 ,,,Fast Charger With  Usb Cable For Galaxy S6/S6 Edge/S6 Edge/Note 5/Note 4 - White,Samsung ,," 1,499",
Oculus VR Gear ,,,Oculus VR Gear - Black and White,Samsung ,," 4,999",
Fast Charger For Galaxy S6/S6 Edge/S6 Edge/Note 5/Note 4 ,,,Fast Charger For Galaxy S6/S6 Edge/S6 Edge/Note 5/Note 4 - White,Samsung ,, 999,
2.5D Tempered Glass Protector for Galaxy J2 Prime,,,2.5D Tempered Glass Protector for Galaxy J2 Prime,Samsung ,, 600,
Data Cable For Galaxy Note Edge ,,,Data Cable For Galaxy Note Edge - White,Samsung ,, 219,
Adaptive Fast Charger ,,,Adaptive Fast Charger - White,Samsung ,, 559,
10W (2A) Black Travel Adapter & USB Cable,,,10W (2A) Black Travel Adapter & USB Cable,Samsung ,," 1,699",
Galaxy A3 2017 ,, 16GB ,Galaxy A3 2017 - 16GB - Gold Sand,Samsung ,," 30,999",
Galaxy A7 2017 ,, 32GB ,Galaxy A7 2017 - 32GB - Gold Sand,Samsung ,," 47,499",
Data Cable For Galaxy E5 & E7 ,,,Data Cable For Galaxy E5 & E7 - White,Samsung ,, 225,
Data Cable For Galaxy A3 ,,,Data Cable For Galaxy A3 - White,Samsung ,, 225,
Charger For Galaxy S6 ,,,Charger For Galaxy S6 - White,Samsung ,, 635,
Handsfree for Galaxy C5 & C7 ,,,Handsfree for Galaxy C5 & C7 - White,Samsung ,, 699,
Charger for Galaxy Grand 2 ,,,Charger for Galaxy Grand 2 - White,Samsung ,, 499,
Y6 Samsung Handsfree For Smartphones ,,,Y6 Samsung Handsfree For Smartphones - White,Samsung ,, 340,
Charger for Galaxy Grand Prime Plus ,,,Charger for Galaxy Grand Prime Plus - White,Samsung ,, 849,
Charger for Grand Prime Plus ,,,Charger for Grand Prime Plus - White,Samsung ,, 645,
Charger for C5 & C7 ,,,Charger for C5 & C7 - White,Samsung ,, 879,
Charger for C5 & C7 ,,,Charger for C5 & C7 - White,Samsung ,," 1,099",
Cable For Samsung Note 3 & S5 ,,,Cable For Samsung Note 3 & S5 - White,Samsung ,, 249,
Fast Charger For Galaxy S7 & S7 Edge With Cable ,,,Fast Charger For Galaxy S7 & S7 Edge With Cable - White,Samsung ,," 1,099",
Fast Charger For All Samsung Mobiles ,,,Fast Charger For All Samsung Mobiles - White,Samsung ,, 599,
Original Glass Screen Protector For S7 Edge ,,,Original Glass Screen Protector For S7 Edge - Silver,Samsung ,," 2,100",
Tempered Glass Screen Protector,,,Tempered Glass Screen Protector- Samsung Galaxy Note 5,Samsung ,, 95,
Original Battery for samsung J,,,Original Battery for samsung J-710 - Black,Samsung ,," 1,795",
Original samsung Fast Adapter with Cable ,,,Original samsung Fast Adapter with Cable - White,Samsung ,," 1,995",
Fast Car Charger For Galaxy Note 5 ,,,Fast Car Charger For Galaxy Note 5 - White,Samsung ,, 549,
Samsung Data Cable For S6 Edge ,,,Samsung Data Cable For S6 Edge - White,Samsung ,, 205,
Fast Wireless Charger for S7 Edge ,,,Fast Wireless Charger for S7 Edge - White,Samsung ,," 3,499",
Original Charging Adapter For Samsung S4 ,,,Original Charging Adapter For Samsung S4 - White,Samsung ,, 765,
Charging Data Cable For Galaxy ,,,Charging Data Cable For Galaxy - White,Samsung ,, 241,
Galaxy Grand Prime Plus , 8MP Camera , 8GB ROM ,"Galaxy Grand Prime Plus - Dual Sim - 5.0"" - 8GB ROM - 1.5GB RAM - 8MP Camera - Golden ",Samsung , 1.5GB RAM ," 15,620"," 5.0"" "
EB,,,EB-BG928ABE - Internal Battery For Galaxy S6 Edge Plus G9280 - Silver,Samsung ,," 1,999",
EB,,,EB-BA800ABE - Battery For Samsung Galaxy A8 Galaxy A8 Duos SM-A8000 SM-A800F - 3050mAh - Black,Samsung ,," 2,999",
Internal Battery For Galaxy Tab B056H004,,,"Internal Battery For Galaxy Tab B056H004-001, P1000, SP4960C3A, Galaxy Tab P1010 - Silver",Samsung ,," 1,749",
SP4960C3B ,,,SP4960C3B - Battery For Galaxy Tab 2 - 4000mAh - Silver,Samsung ,," 1,175",
EB,,,EB-BT530FBE - Battery For Galaxy Tab 4 - 6800mAh - Silver,Samsung ,," 3,199",
SP3676B1A ,,,SP3676B1A - Battery for Galaxy Tab 10 - 7000mAh - Silver,Samsung ,," 2,849",
EB,,,EB-BT115ABC - Battery for Galaxy Tab 3 Lite - 3600mAh - Silver,Samsung ,," 2,199",
T4450E ,,,T4450E - Battery For Galaxy Tab 3 8.0 - 4450mAh - Silver,Samsung ,," 2,599",
Charger for Galaxy A5,,,Charger for Galaxy A5,Samsung ,," 1,199",
Fast Wireless Charger For S7 Edge ,,,Fast Wireless Charger For S7 Edge - Black,Samsung ,," 3,999",
Charger With Data Cable ,,,Charger With Data Cable - White,Samsung ,, 499,
Original Battery for Note 3 ,,,Original Battery for Note 3 - Black,Samsung ,," 1,695",
Original Data Cable for Samsung  S4 ,,,Original Data Cable for Samsung  S4 - White,Samsung ,, 545,
Original Battery for Galaxy S5,,,Original Battery for Galaxy S5,Samsung ,," 1,895",
Original Battery for Note 4 ,,,Original Battery for Note 4 - Black,Samsung ,," 1,995",
Original Battery for Samsung  J700 ,,,Original Battery for Samsung  J700 - Black,Samsung ,," 1,395",
TPU Jelly Case for Samsung Galaxy J1,,,TPU Jelly Case for Samsung Galaxy J1,Samsung ,, 249,
TPU Jelly Case for Samsung Galaxy J2,,,TPU Jelly Case for Samsung Galaxy J2,Samsung ,, 249,
TPU Jelly Case for Samsung Galaxy J7,,,TPU Jelly Case for Samsung Galaxy J7,Samsung ,, 249,
Cable for Galaxy S6 Edge ,,,Cable for Galaxy S6 Edge - White,Samsung ,, 749,
EB,,,"EB-425161LU - Battery For Galaxy Star Pro, S Duos & Duos 2 - Black",Samsung ,, 799,
Charger With Cable for Galaxy Note 3 ,,,Charger With Cable for Galaxy Note 3 - White,Samsung ,, 999,
Battery For Galaxy Grand 2 ,,,Battery For Galaxy Grand 2 - Silver & Black,Samsung ,, 999,
EB,,,EB-BG925ABE - Internal Battery For Galaxy S6 Edge G925 - Silver & Black,Samsung ,," 1,849",
Mini Genuine Battery For Galaxy S5 ,,,Mini Genuine Battery For Galaxy S5 - Silver & Black,Samsung ,," 1,299",
Battery For Galaxy S5 ,,,Battery For Galaxy S5 - Silver & Black,Samsung ,," 1,499",
Original 2400 mAh ,,,Original 2400 mAh - Battery for Galaxy E5,Samsung ,," 1,050",
Galaxy E7 & E700 Genuine Battery,,,Galaxy E7 & E700 Genuine Battery,Samsung ,, 999,
Original Battery for Samsung S6 Edge,,,Original Battery for Samsung S6 Edge,Samsung ,," 1,250",
"Internal Battery For Galaxy A7, A700, A700FD, A700S & A700L ",,,"Internal Battery For Galaxy A7, A700, A700FD, A700S & A700L - Silver",Samsung ,, 999,
Internal Battery For Galaxy A3 ,,,Internal Battery For Galaxy A3 - Silver,Samsung ,," 1,099",
Battery For Samsung S5 ,,,Battery For Samsung S5 - 4.4V - Black & Silver,Samsung ,, 786,
Fast Car Charger ,,,Fast Car Charger - White,Samsung ,, 999,
Fast Charger For Samsung Galaxy Note 4 with original data cable ,,,Fast Charger For Samsung Galaxy Note 4 with original data cable - White,Samsung ,, 745,
Pack of 2 ,,,Pack of 2 - Data Cables-White,Samsung ,, 399,
Back Cover for Galaxy S5 ,,,Back Cover for Galaxy S5 - White,Samsung ,, 400,
Original Wireless Fast Charger Dock ,,,Original Wireless Fast Charger Dock - White,Samsung ,," 4,250",
Wireless Charger for Galaxy Note 5 & S6 Edge Plus ,,,Wireless Charger for Galaxy Note 5 & S6 Edge Plus - Black,Samsung ,," 9,999",
Wireless Charger For Galaxy Note 5 & S6 Edge Plus ,,,Wireless Charger For Galaxy Note 5 & S6 Edge Plus - White,Samsung ,," 4,999",
Battery For Galaxy Grand Neo ,,,Battery For Galaxy Grand Neo - Black,Samsung ,, 699,
Battery For Galaxy Grand 2 ,,,Battery For Galaxy Grand 2 - 2600mAh - Black,Samsung ,, 799,
Battery For Galaxy S1 ,,,Battery For Galaxy S1 - Black,Samsung ,, 649,
J100H ,,,J100H - Battery For Galaxy J1 - Black,Samsung ,, 750,
Original Fast Charger For Galaxy S6 3PIN ,,,Original Fast Charger For Galaxy S6 3PIN - White,Samsung ,, 645,
Baseus TPU Gelly Case For Samsung Galaxy Note 7,,,Baseus TPU Gelly Case For Samsung Galaxy Note 7,Samsung ,, 200,
Stylus Touch Pen For Galaxy Note 2 ,,,Stylus Touch Pen For Galaxy Note 2 - White,Samsung ,, 400,
Earphones For S7 & S7 Edge ,,,Earphones For S7 & S7 Edge - White,Samsung ,, 640,
Battery for Samsung Galaxy S5 Mini,,,Battery for Samsung Galaxy S5 Mini,Samsung ,, 800,
Galaxy Tablets Cable ,,,Galaxy Tablets Cable - Black,Samsung ,, 400,
Galaxy Note 2 ,,,Galaxy Note 2 - Stylus - White,Samsung ,, 500,
Back Cover For Tab A ,,,Back Cover For Tab A - Black,Samsung ,," 1,999",
Bluetooth Headset ,,,Bluetooth Headset - Black,Samsung ,, 950,
Fast Car Charger ,,,Fast Car Charger - Black,Samsung ,, 999,
Fast Car Charger ,,,Fast Car Charger - White,Samsung ,, 999,
Original Back Case for Samsung Galaxy S6 ,,,Original Back Case for Samsung Galaxy S6 - Golden,Samsung ,," 5,432",
Book Cover for Samsung Tab S2 ,,,"Book Cover for Samsung Tab S2 - 8.0"" - Black",Samsung ,," 1,999"," 8.0"" "
Back Cover ,,,"Back Cover - For Samsung Tab A - 8.0"" - White",Samsung ,," 1,999"," 8.0"" "
Back Cover for Samsung Tab A ,,,"Back Cover for Samsung Tab A - 8.0"" - Black",Samsung ,," 1,999"," 8.0"" "
Clear View Flip Cover for Galaxy S6 Edge ,,,Clear View Flip Cover for Galaxy S6 Edge - Silver,Samsung ,," 8,148",
Clear View Protector for Samsung s6 edge plus ,,,Clear View Protector for Samsung s6 edge plus - Silver,Samsung ,," 2,134",
Genuine Fast Charger For Samsung Galaxy S6 ,,,Genuine Fast Charger For Samsung Galaxy S6 - White,Samsung ,," 1,199",
"Charger for Galaxy A5, A7 & A8 ",,,"Charger for Galaxy A5, A7 & A8 - 3 Pin - White",Samsung ,, 989,
Adaptive Fast Charger for Galaxy S6 & S6 Edge ,,,Adaptive Fast Charger for Galaxy S6 & S6 Edge - White,Samsung ,, 899,
Battery for Galaxy Grand 2 ,,,Battery for Galaxy Grand 2 - Black,Samsung ,," 1,120",
EB615268VU ,,,EB615268VU - Galaxy Note Genuine Battery - Black,Samsung ,," 1,150",
Pack of 10 ,,,Pack of 10 - Accessories For Galaxy Note 5 - Gold,Samsung ,," 6,700",
Stylus for Galaxy Note 4 & Edge ,,,Stylus for Galaxy Note 4 & Edge - Golden,Samsung ,, 449,
EB,,,EB-BE500ABE - Battery for Galaxy E5,Samsung ,," 2,200",
EB,,,EB-BA300ABE - Battery for Galaxy A3 & A300,Samsung ,," 2,299",
EB,,,EB-L1G6LLU - Galaxy S3 i9300 Battery - Black,Samsung ,, 805,
Stylus for Galaxy Note Edge ,,,Stylus for Galaxy Note Edge - White ,Samsung ,, 449,
Galaxy Note 3 Stylus ,,,Galaxy Note 3 Stylus - White,Samsung ,, 389,
Data Cable ,,,Data Cable - White,Samsung ,, 240,
Charger with Data Cable for Galaxy Grand Neo,,,Charger with Data Cable for Galaxy Grand Neo,Samsung ,, 599,
Charger with Data Cable for Galaxy Core 2 ,,,Charger with Data Cable for Galaxy Core 2 - White,Samsung ,, 740,
Galaxy S6 Edge Genuine Cable,,,Galaxy S6 Edge Genuine Cable,Samsung ,, 399,
Battery for Samsung S6 Edge,,,Battery for Samsung S6 Edge,Samsung ,," 3,500",
Genuine Battery for Samsung S4,,,Genuine Battery for Samsung S4,Samsung ,, 931,
Genuine Battery for Samsung S1,,,Genuine Battery for Samsung S1,Samsung ,, 875,
Genuine Battery for Samsung S5 Mini,,,Genuine Battery for Samsung S5 Mini,Samsung ,, 999,
Galaxy Note 5 Official Accessories Pack 10 in One ,,,Galaxy Note 5 Official Accessories Pack 10 in One - For Gold Color,Samsung ,," 6,900",
P3200 ,,,P3200 - Tab Pouch - Light Blue,Samsung ,," 1,800",
Galaxy Tablets Genuine Cable ,,,Galaxy Tablets Genuine Cable - Made by Samsung,Samsung ,, 400,
SM, 8 MP Camera , 8 GB ,"SM-G530H - Grand Prime - 5.0"" - 8 GB - 1 GB RAM - 1.2 GHz Quad-core - 8 MP Camera - Gold (Brand Warranty)",Samsung , 1 GB RAM ," 16,500"," 5.0"" "
S5611 , 5 MP Camera ,,"S5611 - 2.4"" - 256 MB HDD - 5 MP Camera - White (Brand Warranty)",Samsung ,," 8,307"," 2.4"" "
Galaxy S5 ,, 16GB ,Galaxy S5 - 16GB - Black - G900H,Samsung ,," 45,000",
Galaxy S4 Zoom C1010 ,, 8GB ,Galaxy S4 Zoom C1010 - 8GB - Black,Samsung ,," 20,488",
Galaxy Core Prime ,, 8GB ,Galaxy Core Prime - G360H - 4.5 Inches - 8GB - 1GB Ram - Quad-core 1.2 GHz - White,Samsung , 1GB Ram ," 13,844",
I9300I , 8 MP , 16 GB ,"I9300I - Galaxy S3 Neo - 4.8"" - 16 GB - 1.5 GB RAM - 1.2 Ghz Quad-core - 8 MP - White (Brand Warranty)",Samsung , 1.5 GB RAM ," 23,999"," 4.8"" "
SM, 8 MP , 8GB ,"SM-G530H - Grand Prime - 5.0"" - 8GB - 1 GB RAM - 8 MP - 3G - White",Samsung , 1 GB RAM ," 16,500"," 5.0"" "
Galaxy E7 (Dual Sim) E700H ,, 16GB ,Galaxy E7 (Dual Sim) E700H - 16GB - White,Samsung ,," 25,000",
G360G ,, 8GB  ,G360G - Galaxy Core Prime - 8GB  - White,Samsung ,," 13,500",
B500AE ,,,B500AE - Galaxy S4 Mini Genuine Battery - Black,Samsung ,, 973,
